plotID,subplotID,trueCnt,predCnt,tpCnt,fnCnt,fpCnt,tnCnt,tpr,fnr,fpr,tnr,fdr,site,labels,grid
CPER_001,31_1_1,9,4,0,9,4,1319,0,1,0.00302343159486017,0.99697656840514,1,CPER,bonap,2
CPER_001,31_1_4,5,5,1,4,4,1323,0.2,0.8,0.00301431801055011,0.99698568198945,0.8,CPER,bonap,2
CPER_001,32_1_2,10,6,3,7,3,1319,0.3,0.7,0.00226928895612708,0.997730711043873,0.5,CPER,bonap,2
CPER_001,32_1_4,5,6,2,3,4,1323,0.4,0.6,0.00301431801055011,0.99698568198945,0.666666666666667,CPER,bonap,2
CPER_001,40_1_1,6,5,1,5,4,1322,0.166666666666667,0.833333333333333,0.00301659125188537,0.996983408748115,0.8,CPER,bonap,2
CPER_001,40_1_3,4,5,1,3,4,1324,0.25,0.75,0.00301204819277108,0.996987951807229,0.8,CPER,bonap,2
CPER_001,41_1_1,6,3,1,5,2,1324,0.166666666666667,0.833333333333333,0.00150829562594268,0.998491704374057,0.666666666666667,CPER,bonap,2
CPER_001,41_1_4,8,6,1,7,5,1319,0.125,0.875,0.00377643504531722,0.996223564954683,0.833333333333333,CPER,bonap,2
CPER_001,31_1_1,9,10,1,8,9,1314,0.111111111111111,0.888888888888889,0.00680272108843537,0.993197278911565,0.9,CPER,bonap,3
CPER_001,31_1_4,5,8,2,3,6,1321,0.4,0.6,0.00452147701582517,0.995478522984175,0.75,CPER,bonap,3
CPER_001,32_1_2,10,10,2,8,8,1314,0.2,0.8,0.00605143721633888,0.993948562783661,0.8,CPER,bonap,3
CPER_001,32_1_4,5,8,1,4,7,1320,0.2,0.8,0.0052750565184627,0.994724943481537,0.875,CPER,bonap,3
CPER_001,40_1_1,6,9,3,3,6,1320,0.5,0.5,0.00452488687782805,0.995475113122172,0.666666666666667,CPER,bonap,3
CPER_001,40_1_3,4,10,3,1,7,1321,0.75,0.25,0.0052710843373494,0.994728915662651,0.7,CPER,bonap,3
CPER_001,41_1_1,6,12,3,3,9,1317,0.5,0.5,0.00678733031674208,0.993212669683258,0.75,CPER,bonap,3
CPER_001,41_1_4,8,10,1,7,9,1315,0.125,0.875,0.006797583081571,0.993202416918429,0.9,CPER,bonap,3
CPER_001,31_1_1,9,18,2,7,16,1307,0.222222222222222,0.777777777777778,0.0120937263794407,0.987906273620559,0.888888888888889,CPER,bonap,4
CPER_001,31_1_4,5,19,1,4,18,1309,0.2,0.8,0.0135644310474755,0.986435568952524,0.947368421052632,CPER,bonap,4
CPER_001,32_1_2,10,17,3,7,14,1308,0.3,0.7,0.010590015128593,0.989409984871407,0.823529411764706,CPER,bonap,4
CPER_001,32_1_4,5,11,3,2,8,1319,0.6,0.4,0.00602863602110023,0.9939713639789,0.727272727272727,CPER,bonap,4
CPER_001,40_1_1,6,14,2,4,12,1314,0.333333333333333,0.666666666666667,0.00904977375565611,0.990950226244344,0.857142857142857,CPER,bonap,4
CPER_001,40_1_3,4,13,3,1,10,1318,0.75,0.25,0.00753012048192771,0.992469879518072,0.769230769230769,CPER,bonap,4
CPER_001,41_1_1,6,20,4,2,16,1310,0.666666666666667,0.333333333333333,0.0120663650075415,0.987933634992459,0.8,CPER,bonap,4
CPER_001,41_1_4,8,12,2,6,10,1314,0.25,0.75,0.00755287009063444,0.992447129909366,0.833333333333333,CPER,bonap,4
CPER_012,31_1_1,18,7,1,17,6,1308,0.0555555555555556,0.944444444444444,0.0045662100456621,0.995433789954338,0.857142857142857,CPER,bonap,2
CPER_012,31_1_4,18,3,1,17,2,1312,0.0555555555555556,0.944444444444444,0.0015220700152207,0.998477929984779,0.666666666666667,CPER,bonap,2
CPER_012,32_1_2,8,5,0,8,5,1319,0,1,0.00377643504531722,0.996223564954683,1,CPER,bonap,2
CPER_012,32_1_4,16,6,2,14,4,1312,0.125,0.875,0.00303951367781155,0.996960486322188,0.666666666666667,CPER,bonap,2
CPER_012,40_1_1,14,5,1,13,4,1314,0.0714285714285714,0.928571428571429,0.00303490136570561,0.996965098634294,0.8,CPER,bonap,2
CPER_012,40_1_3,11,4,1,10,3,1318,0.0909090909090909,0.909090909090909,0.00227100681302044,0.99772899318698,0.75,CPER,bonap,2
CPER_012,41_1_1,18,4,1,17,3,1311,0.0555555555555556,0.944444444444444,0.00228310502283105,0.997716894977169,0.75,CPER,bonap,2
CPER_012,41_1_4,13,7,1,12,6,1313,0.0769230769230769,0.923076923076923,0.0045489006823351,0.995451099317665,0.857142857142857,CPER,bonap,2
CPER_009,31_1_1,11,3,0,11,3,1318,0,1,0.00227100681302044,0.99772899318698,1,CPER,bonap,2
CPER_009,31_1_4,10,5,1,9,4,1318,0.1,0.9,0.00302571860816944,0.99697428139183,0.8,CPER,bonap,2
CPER_009,32_1_2,14,6,2,12,4,1314,0.142857142857143,0.857142857142857,0.00303490136570561,0.996965098634294,0.666666666666667,CPER,bonap,2
CPER_009,32_1_4,13,7,2,11,5,1314,0.153846153846154,0.846153846153846,0.00379075056861259,0.996209249431387,0.714285714285714,CPER,bonap,2
CPER_009,40_1_1,10,5,1,9,4,1318,0.1,0.9,0.00302571860816944,0.99697428139183,0.8,CPER,bonap,2
CPER_009,40_1_3,13,6,1,12,5,1314,0.0769230769230769,0.923076923076923,0.00379075056861259,0.996209249431387,0.833333333333333,CPER,bonap,2
CPER_009,41_1_1,13,6,1,12,5,1314,0.0769230769230769,0.923076923076923,0.00379075056861259,0.996209249431387,0.833333333333333,CPER,bonap,2
CPER_009,41_1_4,10,3,0,10,3,1319,0,1,0.00226928895612708,0.997730711043873,1,CPER,bonap,2
CPER_009,31_1_1,11,7,0,11,7,1314,0,1,0.00529901589704769,0.994700984102952,1,CPER,bonap,3
CPER_009,31_1_4,10,7,1,9,6,1316,0.1,0.9,0.00453857791225416,0.995461422087746,0.857142857142857,CPER,bonap,3
CPER_009,32_1_2,14,10,4,10,6,1312,0.285714285714286,0.714285714285714,0.00455235204855842,0.995447647951442,0.6,CPER,bonap,3
CPER_009,32_1_4,13,10,3,10,7,1312,0.230769230769231,0.769230769230769,0.00530705079605762,0.994692949203942,0.7,CPER,bonap,3
CPER_009,40_1_1,10,7,3,7,4,1318,0.3,0.7,0.00302571860816944,0.99697428139183,0.571428571428571,CPER,bonap,3
CPER_009,40_1_3,13,14,3,10,11,1308,0.230769230769231,0.769230769230769,0.00833965125094769,0.991660348749052,0.785714285714286,CPER,bonap,3
CPER_009,41_1_1,13,12,3,10,9,1310,0.230769230769231,0.769230769230769,0.00682335102350265,0.993176648976497,0.75,CPER,bonap,3
CPER_009,41_1_4,10,9,1,9,8,1314,0.1,0.9,0.00605143721633888,0.993948562783661,0.888888888888889,CPER,bonap,3
CPER_009,31_1_1,11,9,1,10,8,1313,0.0909090909090909,0.909090909090909,0.0060560181680545,0.993943981831946,0.888888888888889,CPER,bonap,4
CPER_009,31_1_4,10,16,2,8,14,1308,0.2,0.8,0.010590015128593,0.989409984871407,0.875,CPER,bonap,4
CPER_009,32_1_2,14,13,5,9,8,1310,0.357142857142857,0.642857142857143,0.00606980273141123,0.993930197268589,0.615384615384615,CPER,bonap,4
CPER_009,32_1_4,13,11,2,11,9,1310,0.153846153846154,0.846153846153846,0.00682335102350265,0.993176648976497,0.818181818181818,CPER,bonap,4
CPER_009,40_1_1,10,7,3,7,4,1318,0.3,0.7,0.00302571860816944,0.99697428139183,0.571428571428571,CPER,bonap,4
CPER_009,40_1_3,13,14,3,10,11,1308,0.230769230769231,0.769230769230769,0.00833965125094769,0.991660348749052,0.785714285714286,CPER,bonap,4
CPER_009,41_1_1,13,10,2,11,8,1311,0.153846153846154,0.846153846153846,0.00606520090978014,0.99393479909022,0.8,CPER,bonap,4
CPER_009,41_1_4,10,18,3,7,15,1307,0.3,0.7,0.0113464447806354,0.988653555219365,0.833333333333333,CPER,bonap,4
CPER_012,31_1_1,18,13,2,16,11,1303,0.111111111111111,0.888888888888889,0.00837138508371385,0.991628614916286,0.846153846153846,CPER,bonap,3
CPER_012,31_1_4,18,7,2,16,5,1309,0.111111111111111,0.888888888888889,0.00380517503805175,0.996194824961948,0.714285714285714,CPER,bonap,3
CPER_012,32_1_2,8,7,2,6,5,1319,0.25,0.75,0.00377643504531722,0.996223564954683,0.714285714285714,CPER,bonap,3
CPER_012,32_1_4,16,11,3,13,8,1308,0.1875,0.8125,0.0060790273556231,0.993920972644377,0.727272727272727,CPER,bonap,3
CPER_012,40_1_1,14,4,1,13,3,1315,0.0714285714285714,0.928571428571429,0.00227617602427921,0.997723823975721,0.75,CPER,bonap,3
CPER_012,40_1_3,11,5,2,9,3,1318,0.181818181818182,0.818181818181818,0.00227100681302044,0.99772899318698,0.6,CPER,bonap,3
CPER_012,41_1_1,18,3,1,17,2,1312,0.0555555555555556,0.944444444444444,0.0015220700152207,0.998477929984779,0.666666666666667,CPER,bonap,3
CPER_012,41_1_4,13,9,2,11,7,1312,0.153846153846154,0.846153846153846,0.00530705079605762,0.994692949203942,0.777777777777778,CPER,bonap,3
CPER_012,31_1_1,18,14,1,17,13,1301,0.0555555555555556,0.944444444444444,0.00989345509893455,0.990106544901065,0.928571428571429,CPER,bonap,4
CPER_012,31_1_4,18,11,2,16,9,1305,0.111111111111111,0.888888888888889,0.00684931506849315,0.993150684931507,0.818181818181818,CPER,bonap,4
CPER_012,32_1_2,8,13,3,5,10,1314,0.375,0.625,0.00755287009063444,0.992447129909366,0.769230769230769,CPER,bonap,4
CPER_012,32_1_4,16,17,3,13,14,1302,0.1875,0.8125,0.0106382978723404,0.98936170212766,0.823529411764706,CPER,bonap,4
CPER_012,40_1_1,14,8,1,13,7,1311,0.0714285714285714,0.928571428571429,0.00531107738998483,0.994688922610015,0.875,CPER,bonap,4
CPER_012,40_1_3,11,12,1,10,11,1310,0.0909090909090909,0.909090909090909,0.00832702498107494,0.991672975018925,0.916666666666667,CPER,bonap,4
CPER_012,41_1_1,18,4,1,17,3,1311,0.0555555555555556,0.944444444444444,0.00228310502283105,0.997716894977169,0.75,CPER,bonap,4
CPER_012,41_1_4,13,16,3,10,13,1306,0.230769230769231,0.769230769230769,0.00985595147839272,0.990144048521607,0.8125,CPER,bonap,4
CPER_001,31_1_1,9,4,0,9,4,635,0,1,0.00625978090766823,0.993740219092332,1,CPER,gbif,2
CPER_001,31_1_4,5,8,1,4,7,636,0.2,0.8,0.0108864696734059,0.989113530326594,0.875,CPER,gbif,2
CPER_001,32_1_2,10,7,3,7,4,634,0.3,0.7,0.00626959247648903,0.993730407523511,0.571428571428571,CPER,gbif,2
CPER_001,32_1_4,5,9,2,3,7,636,0.4,0.6,0.0108864696734059,0.989113530326594,0.777777777777778,CPER,gbif,2
CPER_001,40_1_1,6,5,1,5,4,638,0.166666666666667,0.833333333333333,0.00623052959501558,0.993769470404984,0.8,CPER,gbif,2
CPER_001,40_1_3,4,5,1,3,4,640,0.25,0.75,0.0062111801242236,0.993788819875776,0.8,CPER,gbif,2
CPER_001,41_1_1,6,4,1,5,3,639,0.166666666666667,0.833333333333333,0.00467289719626168,0.995327102803738,0.75,CPER,gbif,2
CPER_001,41_1_4,8,6,1,7,5,635,0.125,0.875,0.0078125,0.9921875,0.833333333333333,CPER,gbif,2
CPER_001,31_1_1,9,8,2,7,6,633,0.222222222222222,0.777777777777778,0.00938967136150235,0.990610328638498,0.75,CPER,gbif,3
CPER_001,31_1_4,5,8,2,3,6,637,0.4,0.6,0.00933125972006221,0.990668740279938,0.75,CPER,gbif,3
CPER_001,32_1_2,10,11,3,7,8,630,0.3,0.7,0.0125391849529781,0.987460815047022,0.727272727272727,CPER,gbif,3
CPER_001,32_1_4,5,8,2,3,6,637,0.4,0.6,0.00933125972006221,0.990668740279938,0.75,CPER,gbif,3
CPER_001,40_1_1,6,12,4,2,8,634,0.666666666666667,0.333333333333333,0.0124610591900312,0.987538940809969,0.666666666666667,CPER,gbif,3
CPER_001,40_1_3,4,9,3,1,6,638,0.75,0.25,0.0093167701863354,0.990683229813665,0.666666666666667,CPER,gbif,3
CPER_001,41_1_1,6,16,4,2,12,630,0.666666666666667,0.333333333333333,0.0186915887850467,0.981308411214953,0.75,CPER,gbif,3
CPER_001,41_1_4,8,10,1,7,9,631,0.125,0.875,0.0140625,0.9859375,0.9,CPER,gbif,3
CPER_009,31_1_1,11,2,0,11,2,635,0,1,0.00313971742543171,0.996860282574568,1,CPER,gbif,2
CPER_009,31_1_4,10,6,1,9,5,633,0.1,0.9,0.00783699059561128,0.992163009404389,0.833333333333333,CPER,gbif,2
CPER_009,32_1_2,14,5,2,12,3,631,0.142857142857143,0.857142857142857,0.00473186119873817,0.995268138801262,0.6,CPER,gbif,2
CPER_009,32_1_4,13,6,2,11,4,631,0.153846153846154,0.846153846153846,0.0062992125984252,0.993700787401575,0.666666666666667,CPER,gbif,2
CPER_009,40_1_1,10,10,2,8,8,630,0.2,0.8,0.0125391849529781,0.987460815047022,0.8,CPER,gbif,2
CPER_009,40_1_3,13,8,2,11,6,629,0.153846153846154,0.846153846153846,0.0094488188976378,0.990551181102362,0.75,CPER,gbif,2
CPER_009,41_1_1,13,6,2,11,4,631,0.153846153846154,0.846153846153846,0.0062992125984252,0.993700787401575,0.666666666666667,CPER,gbif,2
CPER_009,41_1_4,10,5,0,10,5,633,0,1,0.00783699059561128,0.992163009404389,1,CPER,gbif,2
CPER_009,31_1_1,11,9,0,11,9,628,0,1,0.0141287284144427,0.985871271585557,1,CPER,gbif,3
CPER_009,31_1_4,10,7,2,8,5,633,0.2,0.8,0.00783699059561128,0.992163009404389,0.714285714285714,CPER,gbif,3
CPER_009,32_1_2,14,11,4,10,7,627,0.285714285714286,0.714285714285714,0.0110410094637224,0.988958990536278,0.636363636363636,CPER,gbif,3
CPER_009,32_1_4,13,10,3,10,7,628,0.230769230769231,0.769230769230769,0.0110236220472441,0.988976377952756,0.7,CPER,gbif,3
CPER_009,40_1_1,10,7,3,7,4,634,0.3,0.7,0.00626959247648903,0.993730407523511,0.571428571428571,CPER,gbif,3
CPER_009,40_1_3,13,14,3,10,11,624,0.230769230769231,0.769230769230769,0.0173228346456693,0.982677165354331,0.785714285714286,CPER,gbif,3
CPER_009,41_1_1,13,9,3,10,6,629,0.230769230769231,0.769230769230769,0.0094488188976378,0.990551181102362,0.666666666666667,CPER,gbif,3
CPER_009,41_1_4,10,7,2,8,5,633,0.2,0.8,0.00783699059561128,0.992163009404389,0.714285714285714,CPER,gbif,3
CPER_001,31_1_1,9,18,3,6,15,624,0.333333333333333,0.666666666666667,0.0234741784037559,0.976525821596244,0.833333333333333,CPER,gbif,4
CPER_001,31_1_4,5,15,1,4,14,629,0.2,0.8,0.0217729393468118,0.978227060653188,0.933333333333333,CPER,gbif,4
CPER_001,32_1_2,10,14,3,7,11,627,0.3,0.7,0.0172413793103448,0.982758620689655,0.785714285714286,CPER,gbif,4
CPER_001,32_1_4,5,11,3,2,8,635,0.6,0.4,0.0124416796267496,0.98755832037325,0.727272727272727,CPER,gbif,4
CPER_001,40_1_1,6,12,2,4,10,632,0.333333333333333,0.666666666666667,0.0155763239875389,0.984423676012461,0.833333333333333,CPER,gbif,4
CPER_001,40_1_3,4,11,3,1,8,636,0.75,0.25,0.0124223602484472,0.987577639751553,0.727272727272727,CPER,gbif,4
CPER_001,41_1_1,6,16,4,2,12,630,0.666666666666667,0.333333333333333,0.0186915887850467,0.981308411214953,0.75,CPER,gbif,4
CPER_001,41_1_4,8,13,1,7,12,628,0.125,0.875,0.01875,0.98125,0.923076923076923,CPER,gbif,4
CPER_012,31_1_1,18,6,1,17,5,625,0.0555555555555556,0.944444444444444,0.00793650793650794,0.992063492063492,0.833333333333333,CPER,gbif,2
CPER_012,31_1_4,18,3,1,17,2,628,0.0555555555555556,0.944444444444444,0.00317460317460317,0.996825396825397,0.666666666666667,CPER,gbif,2
CPER_012,32_1_2,8,5,0,8,5,635,0,1,0.0078125,0.9921875,1,CPER,gbif,2
CPER_012,32_1_4,16,7,2,14,5,627,0.125,0.875,0.00791139240506329,0.992088607594937,0.714285714285714,CPER,gbif,2
CPER_012,40_1_1,14,3,1,13,2,632,0.0714285714285714,0.928571428571429,0.00315457413249211,0.996845425867508,0.666666666666667,CPER,gbif,2
CPER_012,40_1_3,11,4,1,10,3,634,0.0909090909090909,0.909090909090909,0.00470957613814757,0.995290423861852,0.75,CPER,gbif,2
CPER_012,41_1_1,18,3,1,17,2,628,0.0555555555555556,0.944444444444444,0.00317460317460317,0.996825396825397,0.666666666666667,CPER,gbif,2
CPER_012,41_1_4,13,4,1,12,3,632,0.0769230769230769,0.923076923076923,0.0047244094488189,0.995275590551181,0.75,CPER,gbif,2
CPER_012,31_1_1,18,9,2,16,7,623,0.111111111111111,0.888888888888889,0.0111111111111111,0.988888888888889,0.777777777777778,CPER,gbif,3
CPER_012,31_1_4,18,6,2,16,4,626,0.111111111111111,0.888888888888889,0.00634920634920635,0.993650793650794,0.666666666666667,CPER,gbif,3
CPER_012,32_1_2,8,6,2,6,4,636,0.25,0.75,0.00625,0.99375,0.666666666666667,CPER,gbif,3
CPER_012,32_1_4,16,11,3,13,8,624,0.1875,0.8125,0.0126582278481013,0.987341772151899,0.727272727272727,CPER,gbif,3
CPER_012,40_1_1,14,4,1,13,3,631,0.0714285714285714,0.928571428571429,0.00473186119873817,0.995268138801262,0.75,CPER,gbif,3
CPER_012,40_1_3,11,4,2,9,2,635,0.181818181818182,0.818181818181818,0.00313971742543171,0.996860282574568,0.5,CPER,gbif,3
CPER_012,41_1_1,18,3,1,17,2,628,0.0555555555555556,0.944444444444444,0.00317460317460317,0.996825396825397,0.666666666666667,CPER,gbif,3
CPER_012,41_1_4,13,10,2,11,8,627,0.153846153846154,0.846153846153846,0.0125984251968504,0.98740157480315,0.8,CPER,gbif,3
CPER_009,31_1_1,11,9,1,10,8,629,0.0909090909090909,0.909090909090909,0.0125588697017268,0.987441130298273,0.888888888888889,CPER,gbif,4
CPER_009,31_1_4,10,16,3,7,13,625,0.3,0.7,0.0203761755485893,0.979623824451411,0.8125,CPER,gbif,4
CPER_009,32_1_2,14,14,6,8,8,626,0.428571428571429,0.571428571428571,0.0126182965299685,0.987381703470032,0.571428571428571,CPER,gbif,4
CPER_009,32_1_4,13,12,3,10,9,626,0.230769230769231,0.769230769230769,0.0141732283464567,0.985826771653543,0.75,CPER,gbif,4
CPER_009,40_1_1,10,11,3,7,8,630,0.3,0.7,0.0125391849529781,0.987460815047022,0.727272727272727,CPER,gbif,4
CPER_009,40_1_3,13,14,3,10,11,624,0.230769230769231,0.769230769230769,0.0173228346456693,0.982677165354331,0.785714285714286,CPER,gbif,4
CPER_009,41_1_1,13,7,2,11,5,630,0.153846153846154,0.846153846153846,0.0078740157480315,0.992125984251969,0.714285714285714,CPER,gbif,4
CPER_009,41_1_4,10,16,3,7,13,625,0.3,0.7,0.0203761755485893,0.979623824451411,0.8125,CPER,gbif,4
CPER_012,31_1_1,18,8,1,17,7,623,0.0555555555555556,0.944444444444444,0.0111111111111111,0.988888888888889,0.875,CPER,gbif,4
CPER_012,31_1_4,18,10,2,16,8,622,0.111111111111111,0.888888888888889,0.0126984126984127,0.987301587301587,0.8,CPER,gbif,4
CPER_012,32_1_2,8,15,3,5,12,628,0.375,0.625,0.01875,0.98125,0.8,CPER,gbif,4
CPER_012,32_1_4,16,18,3,13,15,617,0.1875,0.8125,0.0237341772151899,0.97626582278481,0.833333333333333,CPER,gbif,4
CPER_012,40_1_1,14,5,1,13,4,630,0.0714285714285714,0.928571428571429,0.00630914826498423,0.993690851735016,0.8,CPER,gbif,4
CPER_012,40_1_3,11,8,1,10,7,630,0.0909090909090909,0.909090909090909,0.010989010989011,0.989010989010989,0.875,CPER,gbif,4
CPER_012,41_1_1,18,3,1,17,2,628,0.0555555555555556,0.944444444444444,0.00317460317460317,0.996825396825397,0.666666666666667,CPER,gbif,4
CPER_012,41_1_4,13,16,4,9,12,623,0.307692307692308,0.692307692307692,0.0188976377952756,0.981102362204724,0.75,CPER,gbif,4
CPER_001,31_1_1,9,5,1,8,4,212,0.111111111111111,0.888888888888889,0.0185185185185185,0.981481481481482,0.8,CPER,neon,2
CPER_001,31_1_4,5,8,2,3,6,214,0.4,0.6,0.0272727272727273,0.972727272727273,0.75,CPER,neon,2
CPER_001,32_1_2,10,8,4,6,4,211,0.4,0.6,0.0186046511627907,0.981395348837209,0.5,CPER,neon,2
CPER_001,32_1_4,5,7,2,3,5,215,0.4,0.6,0.0227272727272727,0.977272727272727,0.714285714285714,CPER,neon,2
CPER_001,40_1_1,6,7,2,4,5,214,0.333333333333333,0.666666666666667,0.0228310502283105,0.97716894977169,0.714285714285714,CPER,neon,2
CPER_001,40_1_3,4,5,2,2,3,218,0.5,0.5,0.0135746606334842,0.986425339366516,0.6,CPER,neon,2
CPER_001,41_1_1,6,5,1,5,4,215,0.166666666666667,0.833333333333333,0.0182648401826484,0.981735159817352,0.8,CPER,neon,2
CPER_001,41_1_4,8,8,2,6,6,211,0.25,0.75,0.0276497695852535,0.972350230414747,0.75,CPER,neon,2
CPER_009,31_1_1,11,4,0,11,4,210,0,1,0.0186915887850467,0.981308411214953,1,CPER,neon,2
CPER_009,31_1_4,10,6,1,9,5,210,0.1,0.9,0.0232558139534884,0.976744186046512,0.833333333333333,CPER,neon,2
CPER_009,32_1_2,14,5,4,10,1,210,0.285714285714286,0.714285714285714,0.004739336492891,0.995260663507109,0.2,CPER,neon,2
CPER_009,32_1_4,13,6,2,11,4,208,0.153846153846154,0.846153846153846,0.0188679245283019,0.981132075471698,0.666666666666667,CPER,neon,2
CPER_009,40_1_1,10,10,2,8,8,207,0.2,0.8,0.0372093023255814,0.962790697674419,0.8,CPER,neon,2
CPER_009,40_1_3,13,8,2,11,6,206,0.153846153846154,0.846153846153846,0.0283018867924528,0.971698113207547,0.75,CPER,neon,2
CPER_009,41_1_1,13,7,2,11,5,207,0.153846153846154,0.846153846153846,0.0235849056603774,0.976415094339623,0.714285714285714,CPER,neon,2
CPER_009,41_1_4,10,8,3,7,5,210,0.3,0.7,0.0232558139534884,0.976744186046512,0.625,CPER,neon,2
CPER_001,31_1_1,9,11,3,6,8,208,0.333333333333333,0.666666666666667,0.037037037037037,0.962962962962963,0.727272727272727,CPER,neon,3
CPER_001,31_1_4,5,9,2,3,7,213,0.4,0.6,0.0318181818181818,0.968181818181818,0.777777777777778,CPER,neon,3
CPER_001,32_1_2,10,11,4,6,7,208,0.4,0.6,0.0325581395348837,0.967441860465116,0.636363636363636,CPER,neon,3
CPER_001,32_1_4,5,10,3,2,7,213,0.6,0.4,0.0318181818181818,0.968181818181818,0.7,CPER,neon,3
CPER_001,40_1_1,6,10,4,2,6,213,0.666666666666667,0.333333333333333,0.0273972602739726,0.972602739726027,0.6,CPER,neon,3
CPER_001,40_1_3,4,8,3,1,5,216,0.75,0.25,0.0226244343891403,0.97737556561086,0.625,CPER,neon,3
CPER_001,41_1_1,6,12,4,2,8,211,0.666666666666667,0.333333333333333,0.0365296803652968,0.963470319634703,0.666666666666667,CPER,neon,3
CPER_001,41_1_4,8,8,1,7,7,210,0.125,0.875,0.032258064516129,0.967741935483871,0.875,CPER,neon,3
CPER_001,31_1_1,9,13,3,6,10,206,0.333333333333333,0.666666666666667,0.0462962962962963,0.953703703703704,0.769230769230769,CPER,neon,4
CPER_001,31_1_4,5,13,3,2,10,210,0.6,0.4,0.0454545454545455,0.954545454545455,0.769230769230769,CPER,neon,4
CPER_001,32_1_2,10,15,4,6,11,204,0.4,0.6,0.0511627906976744,0.948837209302326,0.733333333333333,CPER,neon,4
CPER_001,32_1_4,5,9,3,2,6,214,0.6,0.4,0.0272727272727273,0.972727272727273,0.666666666666667,CPER,neon,4
CPER_001,40_1_1,6,12,5,1,7,212,0.833333333333333,0.166666666666667,0.0319634703196347,0.968036529680365,0.583333333333333,CPER,neon,4
CPER_001,40_1_3,4,10,3,1,7,214,0.75,0.25,0.0316742081447964,0.968325791855204,0.7,CPER,neon,4
CPER_001,41_1_1,6,13,4,2,9,210,0.666666666666667,0.333333333333333,0.0410958904109589,0.958904109589041,0.692307692307692,CPER,neon,4
CPER_001,41_1_4,8,12,3,5,9,208,0.375,0.625,0.0414746543778802,0.95852534562212,0.75,CPER,neon,4
CPER_012,31_1_1,18,4,2,16,2,205,0.111111111111111,0.888888888888889,0.00966183574879227,0.990338164251208,0.5,CPER,neon,2
CPER_012,31_1_4,18,3,1,17,2,205,0.0555555555555556,0.944444444444444,0.00966183574879227,0.990338164251208,0.666666666666667,CPER,neon,2
CPER_012,32_1_2,8,4,2,6,2,215,0.25,0.75,0.00921658986175115,0.990783410138249,0.5,CPER,neon,2
CPER_012,32_1_4,16,6,2,14,4,205,0.125,0.875,0.0191387559808612,0.980861244019139,0.666666666666667,CPER,neon,2
CPER_012,40_1_1,14,3,1,13,2,209,0.0714285714285714,0.928571428571429,0.00947867298578199,0.990521327014218,0.666666666666667,CPER,neon,2
CPER_012,40_1_3,11,4,1,10,3,211,0.0909090909090909,0.909090909090909,0.014018691588785,0.985981308411215,0.75,CPER,neon,2
CPER_012,41_1_1,18,3,1,17,2,205,0.0555555555555556,0.944444444444444,0.00966183574879227,0.990338164251208,0.666666666666667,CPER,neon,2
CPER_012,41_1_4,13,4,1,12,3,209,0.0769230769230769,0.923076923076923,0.0141509433962264,0.985849056603774,0.75,CPER,neon,2
CPER_009,31_1_1,11,10,3,8,7,207,0.272727272727273,0.727272727272727,0.0327102803738318,0.967289719626168,0.7,CPER,neon,3
CPER_009,31_1_4,10,7,2,8,5,210,0.2,0.8,0.0232558139534884,0.976744186046512,0.714285714285714,CPER,neon,3
CPER_009,32_1_2,14,11,6,8,5,206,0.428571428571429,0.571428571428571,0.023696682464455,0.976303317535545,0.454545454545455,CPER,neon,3
CPER_009,32_1_4,13,10,3,10,7,205,0.230769230769231,0.769230769230769,0.0330188679245283,0.966981132075472,0.7,CPER,neon,3
CPER_009,40_1_1,10,7,3,7,4,211,0.3,0.7,0.0186046511627907,0.981395348837209,0.571428571428571,CPER,neon,3
CPER_009,40_1_3,13,15,4,9,11,201,0.307692307692308,0.692307692307692,0.0518867924528302,0.94811320754717,0.733333333333333,CPER,neon,3
CPER_009,41_1_1,13,9,3,10,6,206,0.230769230769231,0.769230769230769,0.0283018867924528,0.971698113207547,0.666666666666667,CPER,neon,3
CPER_009,41_1_4,10,11,3,7,8,207,0.3,0.7,0.0372093023255814,0.962790697674419,0.727272727272727,CPER,neon,3
CPER_009,31_1_1,11,10,2,9,8,206,0.181818181818182,0.818181818181818,0.0373831775700935,0.962616822429907,0.8,CPER,neon,4
CPER_009,31_1_4,10,14,3,7,11,204,0.3,0.7,0.0511627906976744,0.948837209302326,0.785714285714286,CPER,neon,4
CPER_009,32_1_2,14,12,6,8,6,205,0.428571428571429,0.571428571428571,0.028436018957346,0.971563981042654,0.5,CPER,neon,4
CPER_009,32_1_4,13,12,4,9,8,204,0.307692307692308,0.692307692307692,0.0377358490566038,0.962264150943396,0.666666666666667,CPER,neon,4
CPER_009,40_1_1,10,8,3,7,5,210,0.3,0.7,0.0232558139534884,0.976744186046512,0.625,CPER,neon,4
CPER_009,40_1_3,13,13,5,8,8,204,0.384615384615385,0.615384615384615,0.0377358490566038,0.962264150943396,0.615384615384615,CPER,neon,4
CPER_009,41_1_1,13,10,2,11,8,204,0.153846153846154,0.846153846153846,0.0377358490566038,0.962264150943396,0.8,CPER,neon,4
CPER_009,41_1_4,10,19,4,6,15,200,0.4,0.6,0.0697674418604651,0.930232558139535,0.789473684210526,CPER,neon,4
CPER_012,31_1_1,18,9,2,16,7,200,0.111111111111111,0.888888888888889,0.0338164251207729,0.966183574879227,0.777777777777778,CPER,neon,3
CPER_012,31_1_4,18,4,2,16,2,205,0.111111111111111,0.888888888888889,0.00966183574879227,0.990338164251208,0.5,CPER,neon,3
CPER_012,32_1_2,8,5,2,6,3,214,0.25,0.75,0.0138248847926267,0.986175115207373,0.6,CPER,neon,3
CPER_012,32_1_4,16,12,4,12,8,201,0.25,0.75,0.0382775119617225,0.961722488038278,0.666666666666667,CPER,neon,3
CPER_012,40_1_1,14,3,1,13,2,209,0.0714285714285714,0.928571428571429,0.00947867298578199,0.990521327014218,0.666666666666667,CPER,neon,3
CPER_012,40_1_3,11,3,2,9,1,213,0.181818181818182,0.818181818181818,0.00467289719626168,0.995327102803738,0.333333333333333,CPER,neon,3
CPER_012,41_1_1,18,2,1,17,1,206,0.0555555555555556,0.944444444444444,0.00483091787439614,0.995169082125604,0.5,CPER,neon,3
CPER_012,41_1_4,13,10,4,9,6,206,0.307692307692308,0.692307692307692,0.0283018867924528,0.971698113207547,0.6,CPER,neon,3
CPER_012,31_1_1,18,7,1,17,6,201,0.0555555555555556,0.944444444444444,0.0289855072463768,0.971014492753623,0.857142857142857,CPER,neon,4
CPER_012,31_1_4,18,8,2,16,6,201,0.111111111111111,0.888888888888889,0.0289855072463768,0.971014492753623,0.75,CPER,neon,4
CPER_012,32_1_2,8,15,3,5,12,205,0.375,0.625,0.0552995391705069,0.944700460829493,0.8,CPER,neon,4
CPER_012,32_1_4,16,13,4,12,9,200,0.25,0.75,0.0430622009569378,0.956937799043062,0.692307692307692,CPER,neon,4
CPER_012,40_1_1,14,5,1,13,4,207,0.0714285714285714,0.928571428571429,0.018957345971564,0.981042654028436,0.8,CPER,neon,4
CPER_012,40_1_3,11,9,1,10,8,206,0.0909090909090909,0.909090909090909,0.0373831775700935,0.962616822429907,0.888888888888889,CPER,neon,4
CPER_012,41_1_1,18,6,2,16,4,203,0.111111111111111,0.888888888888889,0.0193236714975845,0.980676328502415,0.666666666666667,CPER,neon,4
CPER_012,41_1_4,13,15,6,7,9,203,0.461538461538462,0.538461538461538,0.0424528301886792,0.957547169811321,0.6,CPER,neon,4
CPER_001,31_1_1,9,4,0,9,4,3995,0,1,0.00100025006251563,0.998999749937484,1,CPER,state,2
CPER_001,31_1_4,5,5,0,5,5,3998,0,1,0.00124906320259805,0.998750936797402,1,CPER,state,2
CPER_001,32_1_2,10,7,2,8,5,3993,0.2,0.8,0.00125062531265633,0.998749374687344,0.714285714285714,CPER,state,2
CPER_001,32_1_4,5,4,0,5,4,3999,0,1,0.000999250562078441,0.999000749437922,1,CPER,state,2
CPER_001,40_1_1,6,3,1,5,2,4000,0.166666666666667,0.833333333333333,0.000499750124937531,0.999500249875062,0.666666666666667,CPER,state,2
CPER_001,40_1_3,4,3,1,3,2,4002,0.25,0.75,0.0004995004995005,0.9995004995005,0.666666666666667,CPER,state,2
CPER_001,41_1_1,6,5,1,5,4,3998,0.166666666666667,0.833333333333333,0.000999500249875062,0.999000499750125,0.8,CPER,state,2
CPER_001,41_1_4,8,8,0,8,8,3992,0,1,0.002,0.998,1,CPER,state,2
CPER_001,31_1_1,9,10,1,8,9,3990,0.111111111111111,0.888888888888889,0.00225056264066016,0.99774943735934,0.9,CPER,state,3
CPER_001,31_1_4,5,3,1,4,2,4001,0.2,0.8,0.000499625281039221,0.999500374718961,0.666666666666667,CPER,state,3
CPER_001,32_1_2,10,10,2,8,8,3990,0.2,0.8,0.00200100050025012,0.99799899949975,0.8,CPER,state,3
CPER_001,32_1_4,5,5,1,4,4,3999,0.2,0.8,0.000999250562078441,0.999000749437922,0.8,CPER,state,3
CPER_001,40_1_1,6,6,2,4,4,3998,0.333333333333333,0.666666666666667,0.000999500249875062,0.999000499750125,0.666666666666667,CPER,state,3
CPER_001,40_1_3,4,10,2,2,8,3996,0.5,0.5,0.001998001998002,0.998001998001998,0.8,CPER,state,3
CPER_001,41_1_1,6,6,1,5,5,3997,0.166666666666667,0.833333333333333,0.00124937531234383,0.998750624687656,0.833333333333333,CPER,state,3
CPER_001,41_1_4,8,7,1,7,6,3994,0.125,0.875,0.0015,0.9985,0.857142857142857,CPER,state,3
CPER_009,31_1_1,11,1,0,11,1,3996,0,1,0.000250187640730548,0.999749812359269,1,CPER,state,2
CPER_009,31_1_4,10,3,0,10,3,3995,0,1,0.000750375187593797,0.999249624812406,1,CPER,state,2
CPER_009,32_1_2,14,3,1,13,2,3992,0.0714285714285714,0.928571428571429,0.000500751126690035,0.99949924887331,0.666666666666667,CPER,state,2
CPER_009,32_1_4,13,4,1,12,3,3992,0.0769230769230769,0.923076923076923,0.000750938673341677,0.999249061326658,0.75,CPER,state,2
CPER_009,40_1_1,10,5,0,10,5,3993,0,1,0.00125062531265633,0.998749374687344,1,CPER,state,2
CPER_009,40_1_3,13,5,0,13,5,3990,0,1,0.00125156445556946,0.99874843554443,1,CPER,state,2
CPER_009,41_1_1,13,3,0,13,3,3992,0,1,0.000750938673341677,0.999249061326658,1,CPER,state,2
CPER_009,41_1_4,10,1,0,10,1,3997,0,1,0.000250125062531266,0.999749874937469,1,CPER,state,2
CPER_009,31_1_1,11,5,0,11,5,3992,0,1,0.00125093820365274,0.998749061796347,1,CPER,state,3
CPER_009,31_1_4,10,4,1,9,3,3995,0.1,0.9,0.000750375187593797,0.999249624812406,0.75,CPER,state,3
CPER_009,32_1_2,14,5,3,11,2,3992,0.214285714285714,0.785714285714286,0.000500751126690035,0.99949924887331,0.4,CPER,state,3
CPER_009,32_1_4,13,8,2,11,6,3989,0.153846153846154,0.846153846153846,0.00150187734668335,0.998498122653317,0.75,CPER,state,3
CPER_009,40_1_1,10,6,3,7,3,3995,0.3,0.7,0.000750375187593797,0.999249624812406,0.5,CPER,state,3
CPER_009,40_1_3,13,10,2,11,8,3987,0.153846153846154,0.846153846153846,0.00200250312891114,0.997997496871089,0.8,CPER,state,3
CPER_009,41_1_1,13,7,0,13,7,3988,0,1,0.00175219023779725,0.998247809762203,1,CPER,state,3
CPER_009,41_1_4,10,10,1,9,9,3989,0.1,0.9,0.00225112556278139,0.997748874437219,0.9,CPER,state,3
CPER_009,31_1_1,11,10,0,11,10,3987,0,1,0.00250187640730548,0.997498123592695,1,CPER,state,4
CPER_009,31_1_4,10,12,2,8,10,3988,0.2,0.8,0.00250125062531266,0.997498749374687,0.833333333333333,CPER,state,4
CPER_009,32_1_2,14,14,4,10,10,3984,0.285714285714286,0.714285714285714,0.00250375563345018,0.99749624436655,0.714285714285714,CPER,state,4
CPER_009,32_1_4,13,8,2,11,6,3989,0.153846153846154,0.846153846153846,0.00150187734668335,0.998498122653317,0.75,CPER,state,4
CPER_009,40_1_1,10,7,2,8,5,3993,0.2,0.8,0.00125062531265633,0.998749374687344,0.714285714285714,CPER,state,4
CPER_009,40_1_3,13,9,2,11,7,3988,0.153846153846154,0.846153846153846,0.00175219023779725,0.998247809762203,0.777777777777778,CPER,state,4
CPER_009,41_1_1,13,7,2,11,5,3990,0.153846153846154,0.846153846153846,0.00125156445556946,0.99874843554443,0.714285714285714,CPER,state,4
CPER_009,41_1_4,10,10,2,8,8,3990,0.2,0.8,0.00200100050025012,0.99799899949975,0.8,CPER,state,4
CPER_001,31_1_1,9,16,1,8,15,3984,0.111111111111111,0.888888888888889,0.00375093773443361,0.996249062265566,0.9375,CPER,state,4
CPER_001,31_1_4,5,12,1,4,11,3992,0.2,0.8,0.00274793904571571,0.997252060954284,0.916666666666667,CPER,state,4
CPER_001,32_1_2,10,10,1,9,9,3989,0.1,0.9,0.00225112556278139,0.997748874437219,0.9,CPER,state,4
CPER_001,32_1_4,5,12,3,2,9,3994,0.6,0.4,0.00224831376467649,0.997751686235324,0.75,CPER,state,4
CPER_001,40_1_1,6,10,2,4,8,3994,0.333333333333333,0.666666666666667,0.00199900049975012,0.99800099950025,0.8,CPER,state,4
CPER_001,40_1_3,4,10,3,1,7,3997,0.75,0.25,0.00174825174825175,0.998251748251748,0.7,CPER,state,4
CPER_001,41_1_1,6,13,4,2,9,3993,0.666666666666667,0.333333333333333,0.00224887556221889,0.997751124437781,0.692307692307692,CPER,state,4
CPER_001,41_1_4,8,10,1,7,9,3991,0.125,0.875,0.00225,0.99775,0.9,CPER,state,4
CPER_012,31_1_1,18,7,1,17,6,3984,0.0555555555555556,0.944444444444444,0.00150375939849624,0.998496240601504,0.857142857142857,CPER,state,2
CPER_012,31_1_4,18,2,1,17,1,3989,0.0555555555555556,0.944444444444444,0.00025062656641604,0.999749373433584,0.5,CPER,state,2
CPER_012,32_1_2,8,3,0,8,3,3997,0,1,0.00075,0.99925,1,CPER,state,2
CPER_012,32_1_4,16,7,2,14,5,3987,0.125,0.875,0.00125250501002004,0.99874749498998,0.714285714285714,CPER,state,2
CPER_012,40_1_1,14,5,1,13,4,3990,0.0714285714285714,0.928571428571429,0.00100150225338007,0.99899849774662,0.8,CPER,state,2
CPER_012,40_1_3,11,4,1,10,3,3994,0.0909090909090909,0.909090909090909,0.000750562922191644,0.999249437077808,0.75,CPER,state,2
CPER_012,41_1_1,18,5,1,17,4,3986,0.0555555555555556,0.944444444444444,0.00100250626566416,0.998997493734336,0.8,CPER,state,2
CPER_012,41_1_4,13,6,1,12,5,3990,0.0769230769230769,0.923076923076923,0.00125156445556946,0.99874843554443,0.833333333333333,CPER,state,2
CPER_012,31_1_1,18,10,1,17,9,3981,0.0555555555555556,0.944444444444444,0.00225563909774436,0.997744360902256,0.9,CPER,state,3
CPER_012,31_1_4,18,7,1,17,6,3984,0.0555555555555556,0.944444444444444,0.00150375939849624,0.998496240601504,0.857142857142857,CPER,state,3
CPER_012,32_1_2,8,4,1,7,3,3997,0.125,0.875,0.00075,0.99925,0.75,CPER,state,3
CPER_012,32_1_4,16,10,2,14,8,3984,0.125,0.875,0.00200400801603206,0.997995991983968,0.8,CPER,state,3
CPER_012,40_1_1,14,4,1,13,3,3991,0.0714285714285714,0.928571428571429,0.000751126690035053,0.999248873309965,0.75,CPER,state,3
CPER_012,40_1_3,11,9,2,9,7,3990,0.181818181818182,0.818181818181818,0.00175131348511384,0.998248686514886,0.777777777777778,CPER,state,3
CPER_012,41_1_1,18,5,1,17,4,3986,0.0555555555555556,0.944444444444444,0.00100250626566416,0.998997493734336,0.8,CPER,state,3
CPER_012,41_1_4,13,9,2,11,7,3988,0.153846153846154,0.846153846153846,0.00175219023779725,0.998247809762203,0.777777777777778,CPER,state,3
CPER_012,31_1_1,18,13,1,17,12,3978,0.0555555555555556,0.944444444444444,0.00300751879699248,0.996992481203008,0.923076923076923,CPER,state,4
CPER_012,31_1_4,18,8,2,16,6,3984,0.111111111111111,0.888888888888889,0.00150375939849624,0.998496240601504,0.75,CPER,state,4
CPER_012,32_1_2,8,10,2,6,8,3992,0.25,0.75,0.002,0.998,0.8,CPER,state,4
CPER_012,32_1_4,16,13,2,14,11,3981,0.125,0.875,0.00275551102204409,0.997244488977956,0.846153846153846,CPER,state,4
CPER_012,40_1_1,14,7,1,13,6,3988,0.0714285714285714,0.928571428571429,0.00150225338007011,0.99849774661993,0.857142857142857,CPER,state,4
CPER_012,40_1_3,11,9,1,10,8,3989,0.0909090909090909,0.909090909090909,0.00200150112584438,0.997998498874156,0.888888888888889,CPER,state,4
CPER_012,41_1_1,18,5,1,17,4,3986,0.0555555555555556,0.944444444444444,0.00100250626566416,0.998997493734336,0.8,CPER,state,4
CPER_012,41_1_4,13,14,3,10,11,3984,0.230769230769231,0.769230769230769,0.00275344180225282,0.997246558197747,0.785714285714286,CPER,state,4
SCBI_005,31_1_1,4,3,3,1,0,1492,0.75,0.25,0,1,0,SCBI,bonap,2
SCBI_005,31_1_4,6,1,1,5,0,1490,0.166666666666667,0.833333333333333,0,1,0,SCBI,bonap,2
SCBI_005,32_1_2,4,2,1,3,1,1491,0.25,0.75,0.000670241286863271,0.999329758713137,0.5,SCBI,bonap,2
SCBI_005,32_1_4,7,4,3,4,1,1488,0.428571428571429,0.571428571428571,0.000671591672263264,0.999328408327737,0.25,SCBI,bonap,2
SCBI_005,40_1_1,4,2,2,2,0,1492,0.5,0.5,0,1,0,SCBI,bonap,2
SCBI_005,40_1_3,3,2,2,1,0,1493,0.666666666666667,0.333333333333333,0,1,0,SCBI,bonap,2
SCBI_005,41_1_1,7,1,1,6,0,1489,0.142857142857143,0.857142857142857,0,1,0,SCBI,bonap,2
SCBI_005,41_1_4,4,2,2,2,0,1492,0.5,0.5,0,1,0,SCBI,bonap,2
SCBI_005,31_1_1,4,3,3,1,0,1492,0.75,0.25,0,1,0,SCBI,bonap,3
SCBI_005,31_1_4,6,2,2,4,0,1490,0.333333333333333,0.666666666666667,0,1,0,SCBI,bonap,3
SCBI_005,32_1_2,4,2,1,3,1,1491,0.25,0.75,0.000670241286863271,0.999329758713137,0.5,SCBI,bonap,3
SCBI_005,32_1_4,7,3,3,4,0,1489,0.428571428571429,0.571428571428571,0,1,0,SCBI,bonap,3
SCBI_005,40_1_1,4,4,2,2,2,1490,0.5,0.5,0.00134048257372654,0.998659517426273,0.5,SCBI,bonap,3
SCBI_005,40_1_3,3,4,2,1,2,1491,0.666666666666667,0.333333333333333,0.00133958472873409,0.998660415271266,0.5,SCBI,bonap,3
SCBI_005,41_1_1,7,2,2,5,0,1489,0.285714285714286,0.714285714285714,0,1,0,SCBI,bonap,3
SCBI_005,41_1_4,4,2,2,2,0,1492,0.5,0.5,0,1,0,SCBI,bonap,3
SCBI_005,31_1_1,4,3,3,1,0,1492,0.75,0.25,0,1,0,SCBI,bonap,4
SCBI_005,31_1_4,6,2,2,4,0,1490,0.333333333333333,0.666666666666667,0,1,0,SCBI,bonap,4
SCBI_005,32_1_2,4,7,3,1,4,1488,0.75,0.25,0.00268096514745308,0.997319034852547,0.571428571428571,SCBI,bonap,4
SCBI_005,32_1_4,7,3,3,4,0,1489,0.428571428571429,0.571428571428571,0,1,0,SCBI,bonap,4
SCBI_005,40_1_1,4,4,2,2,2,1490,0.5,0.5,0.00134048257372654,0.998659517426273,0.5,SCBI,bonap,4
SCBI_005,40_1_3,3,5,2,1,3,1490,0.666666666666667,0.333333333333333,0.00200937709310114,0.997990622906899,0.6,SCBI,bonap,4
SCBI_005,41_1_1,7,2,2,5,0,1489,0.285714285714286,0.714285714285714,0,1,0,SCBI,bonap,4
SCBI_005,41_1_4,4,2,2,2,0,1492,0.5,0.5,0,1,0,SCBI,bonap,4
SCBI_015,31_1_1,7,5,1,6,4,1485,0.142857142857143,0.857142857142857,0.00268636668905306,0.997313633310947,0.8,SCBI,bonap,2
SCBI_015,31_1_4,12,4,0,12,4,1480,0,1,0.00269541778975741,0.997304582210243,1,SCBI,bonap,2
SCBI_015,32_1_2,8,4,2,6,2,1486,0.25,0.75,0.00134408602150538,0.998655913978495,0.5,SCBI,bonap,2
SCBI_015,32_1_4,9,3,1,8,2,1485,0.111111111111111,0.888888888888889,0.00134498991257566,0.998655010087424,0.666666666666667,SCBI,bonap,2
SCBI_015,40_1_1,7,6,3,4,3,1486,0.428571428571429,0.571428571428571,0.00201477501678979,0.99798522498321,0.5,SCBI,bonap,2
SCBI_015,40_1_3,7,2,1,6,1,1488,0.142857142857143,0.857142857142857,0.000671591672263264,0.999328408327737,0.5,SCBI,bonap,2
SCBI_015,41_1_1,7,6,1,6,5,1484,0.142857142857143,0.857142857142857,0.00335795836131632,0.996642041638684,0.833333333333333,SCBI,bonap,2
SCBI_015,41_1_4,8,4,2,6,2,1486,0.25,0.75,0.00134408602150538,0.998655913978495,0.5,SCBI,bonap,2
SCBI_008,31_1_1,9,7,2,7,5,1482,0.222222222222222,0.777777777777778,0.00336247478143914,0.996637525218561,0.714285714285714,SCBI,bonap,2
SCBI_008,31_1_4,10,5,2,8,3,1483,0.2,0.8,0.00201884253028264,0.997981157469717,0.6,SCBI,bonap,2
SCBI_008,32_1_2,9,4,2,7,2,1485,0.222222222222222,0.777777777777778,0.00134498991257566,0.998655010087424,0.5,SCBI,bonap,2
SCBI_008,32_1_4,8,6,1,7,5,1483,0.125,0.875,0.00336021505376344,0.996639784946237,0.833333333333333,SCBI,bonap,2
SCBI_008,40_1_3,6,8,1,5,4,1486,0.166666666666667,0.833333333333333,0.00268456375838926,0.997315436241611,0.5,SCBI,bonap,2
SCBI_008,41_1_1,12,6,2,10,4,1480,0.166666666666667,0.833333333333333,0.00269541778975741,0.997304582210243,0.666666666666667,SCBI,bonap,2
SCBI_008,41_1_4,8,4,3,5,1,1487,0.375,0.625,0.000672043010752688,0.999327956989247,0.25,SCBI,bonap,2
SCBI_008,31_1_1,9,9,2,7,7,1480,0.222222222222222,0.777777777777778,0.0047074646940148,0.995292535305985,0.777777777777778,SCBI,bonap,3
SCBI_008,31_1_4,10,8,5,5,3,1483,0.5,0.5,0.00201884253028264,0.997981157469717,0.375,SCBI,bonap,3
SCBI_008,32_1_2,9,5,2,7,3,1484,0.222222222222222,0.777777777777778,0.00201748486886348,0.997982515131137,0.6,SCBI,bonap,3
SCBI_008,32_1_4,8,8,2,6,6,1482,0.25,0.75,0.00403225806451613,0.995967741935484,0.75,SCBI,bonap,3
SCBI_008,40_1_3,6,5,1,5,4,1486,0.166666666666667,0.833333333333333,0.00268456375838926,0.997315436241611,0.8,SCBI,bonap,3
SCBI_008,41_1_1,12,11,3,9,8,1476,0.25,0.75,0.00539083557951483,0.994609164420485,0.727272727272727,SCBI,bonap,3
SCBI_008,41_1_4,8,4,2,6,2,1486,0.25,0.75,0.00134408602150538,0.998655913978495,0.5,SCBI,bonap,3
SCBI_021,31_1_1,4,2,2,2,0,1492,0.5,0.5,0,1,0,SCBI,bonap,2
SCBI_021,31_1_4,11,5,3,8,2,1483,0.272727272727273,0.727272727272727,0.00134680134680135,0.998653198653199,0.4,SCBI,bonap,2
SCBI_021,32_1_2,8,2,2,6,0,1488,0.25,0.75,0,1,0,SCBI,bonap,2
SCBI_021,32_1_4,5,4,1,4,3,1488,0.2,0.8,0.00201207243460765,0.997987927565392,0.75,SCBI,bonap,2
SCBI_021,40_1_1,8,2,2,6,0,1488,0.25,0.75,0,1,0,SCBI,bonap,2
SCBI_021,40_1_3,7,2,2,5,0,1489,0.285714285714286,0.714285714285714,0,1,0,SCBI,bonap,2
SCBI_021,41_1_1,8,8,2,6,6,1482,0.25,0.75,0.00403225806451613,0.995967741935484,0.75,SCBI,bonap,2
SCBI_021,41_1_4,6,4,4,2,0,1490,0.666666666666667,0.333333333333333,0,1,0,SCBI,bonap,2
SCBI_021,31_1_1,4,2,2,2,0,1492,0.5,0.5,0,1,0,SCBI,bonap,3
SCBI_021,31_1_4,11,10,4,7,6,1479,0.363636363636364,0.636363636363636,0.00404040404040404,0.995959595959596,0.6,SCBI,bonap,3
SCBI_021,32_1_2,8,6,6,2,0,1488,0.75,0.25,0,1,0,SCBI,bonap,3
SCBI_021,32_1_4,5,9,1,4,8,1483,0.2,0.8,0.00536552649228706,0.994634473507713,0.888888888888889,SCBI,bonap,3
SCBI_021,40_1_1,8,3,3,5,0,1488,0.375,0.625,0,1,0,SCBI,bonap,3
SCBI_021,40_1_3,7,4,3,4,1,1488,0.428571428571429,0.571428571428571,0.000671591672263264,0.999328408327737,0.25,SCBI,bonap,3
SCBI_021,41_1_1,8,8,3,5,5,1483,0.375,0.625,0.00336021505376344,0.996639784946237,0.625,SCBI,bonap,3
SCBI_021,41_1_4,6,5,5,1,0,1490,0.833333333333333,0.166666666666667,0,1,0,SCBI,bonap,3
SCBI_015,31_1_1,7,10,2,5,8,1481,0.285714285714286,0.714285714285714,0.00537273337810611,0.994627266621894,0.8,SCBI,bonap,3
SCBI_015,31_1_4,12,3,1,11,2,1482,0.0833333333333333,0.916666666666667,0.00134770889487871,0.998652291105121,0.666666666666667,SCBI,bonap,3
SCBI_015,32_1_2,8,7,2,6,5,1483,0.25,0.75,0.00336021505376344,0.996639784946237,0.714285714285714,SCBI,bonap,3
SCBI_015,32_1_4,9,5,1,8,4,1483,0.111111111111111,0.888888888888889,0.00268997982515131,0.997310020174849,0.8,SCBI,bonap,3
SCBI_015,40_1_1,7,10,3,4,7,1482,0.428571428571429,0.571428571428571,0.00470114170584285,0.995298858294157,0.7,SCBI,bonap,3
SCBI_015,40_1_3,7,5,1,6,4,1485,0.142857142857143,0.857142857142857,0.00268636668905306,0.997313633310947,0.8,SCBI,bonap,3
SCBI_015,41_1_1,7,11,2,5,9,1480,0.285714285714286,0.714285714285714,0.00604432505036938,0.993955674949631,0.818181818181818,SCBI,bonap,3
SCBI_015,41_1_4,8,10,3,5,7,1481,0.375,0.625,0.00470430107526882,0.995295698924731,0.7,SCBI,bonap,3
SCBI_008,31_1_1,9,12,4,5,8,1479,0.444444444444444,0.555555555555556,0.00537995965030262,0.994620040349697,0.666666666666667,SCBI,bonap,4
SCBI_008,31_1_4,10,12,4,6,8,1478,0.4,0.6,0.0053835800807537,0.994616419919246,0.666666666666667,SCBI,bonap,4
SCBI_008,32_1_2,9,10,2,7,8,1479,0.222222222222222,0.777777777777778,0.00537995965030262,0.994620040349697,0.8,SCBI,bonap,4
SCBI_008,32_1_4,8,10,2,6,8,1480,0.25,0.75,0.00537634408602151,0.994623655913978,0.8,SCBI,bonap,4
SCBI_008,40_1_3,6,8,1,5,7,1483,0.166666666666667,0.833333333333333,0.00469798657718121,0.995302013422819,0.875,SCBI,bonap,4
SCBI_008,41_1_1,12,12,4,8,8,1476,0.333333333333333,0.666666666666667,0.00539083557951483,0.994609164420485,0.666666666666667,SCBI,bonap,4
SCBI_008,41_1_4,8,8,3,5,5,1483,0.375,0.625,0.00336021505376344,0.996639784946237,0.625,SCBI,bonap,4
SCBI_015,31_1_1,7,10,3,4,7,1482,0.428571428571429,0.571428571428571,0.00470114170584285,0.995298858294157,0.7,SCBI,bonap,4
SCBI_015,31_1_4,12,8,1,11,7,1477,0.0833333333333333,0.916666666666667,0.00471698113207547,0.995283018867924,0.875,SCBI,bonap,4
SCBI_015,32_1_2,8,13,3,5,10,1478,0.375,0.625,0.00672043010752688,0.993279569892473,0.769230769230769,SCBI,bonap,4
SCBI_015,32_1_4,9,10,1,8,9,1478,0.111111111111111,0.888888888888889,0.00605245460659045,0.99394754539341,0.9,SCBI,bonap,4
SCBI_015,40_1_1,7,10,3,4,7,1482,0.428571428571429,0.571428571428571,0.00470114170584285,0.995298858294157,0.7,SCBI,bonap,4
SCBI_015,40_1_3,7,10,2,5,8,1481,0.285714285714286,0.714285714285714,0.00537273337810611,0.994627266621894,0.8,SCBI,bonap,4
SCBI_015,41_1_1,7,13,1,6,12,1477,0.142857142857143,0.857142857142857,0.00805910006715917,0.991940899932841,0.923076923076923,SCBI,bonap,4
SCBI_015,41_1_4,8,20,7,1,13,1475,0.875,0.125,0.00873655913978495,0.991263440860215,0.65,SCBI,bonap,4
SCBI_021,31_1_1,4,3,2,2,1,1491,0.5,0.5,0.000670241286863271,0.999329758713137,0.333333333333333,SCBI,bonap,4
SCBI_021,31_1_4,11,9,5,6,4,1481,0.454545454545455,0.545454545454545,0.00269360269360269,0.997306397306397,0.444444444444444,SCBI,bonap,4
SCBI_021,32_1_2,8,4,3,5,1,1487,0.375,0.625,0.000672043010752688,0.999327956989247,0.25,SCBI,bonap,4
SCBI_021,32_1_4,5,8,2,3,6,1485,0.4,0.6,0.00402414486921529,0.995975855130785,0.75,SCBI,bonap,4
SCBI_021,40_1_1,8,4,3,5,1,1487,0.375,0.625,0.000672043010752688,0.999327956989247,0.25,SCBI,bonap,4
SCBI_021,40_1_3,7,7,3,4,4,1485,0.428571428571429,0.571428571428571,0.00268636668905306,0.997313633310947,0.571428571428571,SCBI,bonap,4
SCBI_021,41_1_1,8,9,3,5,6,1482,0.375,0.625,0.00403225806451613,0.995967741935484,0.666666666666667,SCBI,bonap,4
SCBI_021,41_1_4,6,8,4,2,4,1486,0.666666666666667,0.333333333333333,0.00268456375838926,0.997315436241611,0.5,SCBI,bonap,4
SCBI_005,31_1_1,4,3,3,1,0,376,0.75,0.25,0,1,0,SCBI,gbif,2
SCBI_005,31_1_4,6,1,1,5,0,374,0.166666666666667,0.833333333333333,0,1,0,SCBI,gbif,2
SCBI_005,32_1_2,4,2,1,3,1,375,0.25,0.75,0.00265957446808511,0.997340425531915,0.5,SCBI,gbif,2
SCBI_005,32_1_4,7,3,3,4,0,373,0.428571428571429,0.571428571428571,0,1,0,SCBI,gbif,2
SCBI_005,40_1_1,4,3,2,2,1,375,0.5,0.5,0.00265957446808511,0.997340425531915,0.333333333333333,SCBI,gbif,2
SCBI_005,40_1_3,3,2,2,1,0,377,0.666666666666667,0.333333333333333,0,1,0,SCBI,gbif,2
SCBI_005,41_1_1,7,1,1,6,0,373,0.142857142857143,0.857142857142857,0,1,0,SCBI,gbif,2
SCBI_005,41_1_4,4,2,2,2,0,376,0.5,0.5,0,1,0,SCBI,gbif,2
SCBI_008,31_1_1,9,4,2,7,2,369,0.222222222222222,0.777777777777778,0.00539083557951483,0.994609164420485,0.5,SCBI,gbif,2
SCBI_008,31_1_4,10,3,2,8,1,369,0.2,0.8,0.0027027027027027,0.997297297297297,0.333333333333333,SCBI,gbif,2
SCBI_008,32_1_2,9,3,2,7,1,370,0.222222222222222,0.777777777777778,0.00269541778975741,0.997304582210243,0.333333333333333,SCBI,gbif,2
SCBI_008,32_1_4,8,6,1,7,5,367,0.125,0.875,0.0134408602150538,0.986559139784946,0.833333333333333,SCBI,gbif,2
SCBI_008,40_1_3,6,1,1,5,0,374,0.166666666666667,0.833333333333333,0,1,0,SCBI,gbif,2
SCBI_008,41_1_1,12,3,2,10,1,367,0.166666666666667,0.833333333333333,0.00271739130434783,0.997282608695652,0.333333333333333,SCBI,gbif,2
SCBI_008,41_1_4,8,3,3,5,0,372,0.375,0.625,0,1,0,SCBI,gbif,2
SCBI_005,31_1_1,4,3,3,1,0,376,0.75,0.25,0,1,0,SCBI,gbif,3
SCBI_005,31_1_4,6,2,2,4,0,374,0.333333333333333,0.666666666666667,0,1,0,SCBI,gbif,3
SCBI_005,32_1_2,4,3,1,3,2,374,0.25,0.75,0.00531914893617021,0.99468085106383,0.666666666666667,SCBI,gbif,3
SCBI_005,32_1_4,7,3,3,4,0,373,0.428571428571429,0.571428571428571,0,1,0,SCBI,gbif,3
SCBI_005,40_1_1,4,4,2,2,2,374,0.5,0.5,0.00531914893617021,0.99468085106383,0.5,SCBI,gbif,3
SCBI_005,40_1_3,3,4,2,1,2,375,0.666666666666667,0.333333333333333,0.00530503978779841,0.994694960212202,0.5,SCBI,gbif,3
SCBI_005,41_1_1,7,2,2,5,0,373,0.285714285714286,0.714285714285714,0,1,0,SCBI,gbif,3
SCBI_005,41_1_4,4,2,2,2,0,376,0.5,0.5,0,1,0,SCBI,gbif,3
SCBI_005,31_1_1,4,3,3,1,0,376,0.75,0.25,0,1,0,SCBI,gbif,4
SCBI_005,31_1_4,6,2,2,4,0,374,0.333333333333333,0.666666666666667,0,1,0,SCBI,gbif,4
SCBI_005,32_1_2,4,6,3,1,3,373,0.75,0.25,0.00797872340425532,0.992021276595745,0.5,SCBI,gbif,4
SCBI_005,32_1_4,7,3,3,4,0,373,0.428571428571429,0.571428571428571,0,1,0,SCBI,gbif,4
SCBI_005,40_1_1,4,4,2,2,2,374,0.5,0.5,0.00531914893617021,0.99468085106383,0.5,SCBI,gbif,4
SCBI_005,40_1_3,3,6,2,1,4,373,0.666666666666667,0.333333333333333,0.0106100795755968,0.989389920424403,0.666666666666667,SCBI,gbif,4
SCBI_005,41_1_1,7,2,2,5,0,373,0.285714285714286,0.714285714285714,0,1,0,SCBI,gbif,4
SCBI_005,41_1_4,4,2,2,2,0,376,0.5,0.5,0,1,0,SCBI,gbif,4
SCBI_015,31_1_1,7,5,1,6,4,369,0.142857142857143,0.857142857142857,0.0107238605898123,0.989276139410188,0.8,SCBI,gbif,2
SCBI_015,31_1_4,12,3,0,12,3,365,0,1,0.00815217391304348,0.991847826086957,1,SCBI,gbif,2
SCBI_015,32_1_2,8,7,2,6,5,367,0.25,0.75,0.0134408602150538,0.986559139784946,0.714285714285714,SCBI,gbif,2
SCBI_015,32_1_4,9,3,1,8,2,369,0.111111111111111,0.888888888888889,0.00539083557951483,0.994609164420485,0.666666666666667,SCBI,gbif,2
SCBI_015,40_1_1,7,7,3,4,4,369,0.428571428571429,0.571428571428571,0.0107238605898123,0.989276139410188,0.571428571428571,SCBI,gbif,2
SCBI_015,40_1_3,7,2,1,6,1,372,0.142857142857143,0.857142857142857,0.00268096514745308,0.997319034852547,0.5,SCBI,gbif,2
SCBI_015,41_1_1,7,6,1,6,5,368,0.142857142857143,0.857142857142857,0.0134048257372654,0.986595174262735,0.833333333333333,SCBI,gbif,2
SCBI_015,41_1_4,8,6,2,6,4,368,0.25,0.75,0.010752688172043,0.989247311827957,0.666666666666667,SCBI,gbif,2
SCBI_008,31_1_1,9,8,3,6,5,366,0.333333333333333,0.666666666666667,0.0134770889487871,0.986522911051213,0.625,SCBI,gbif,3
SCBI_008,31_1_4,10,9,6,4,3,367,0.6,0.4,0.00810810810810811,0.991891891891892,0.333333333333333,SCBI,gbif,3
SCBI_008,32_1_2,9,4,2,7,2,369,0.222222222222222,0.777777777777778,0.00539083557951483,0.994609164420485,0.5,SCBI,gbif,3
SCBI_008,32_1_4,8,8,2,6,6,366,0.25,0.75,0.0161290322580645,0.983870967741935,0.75,SCBI,gbif,3
SCBI_008,40_1_3,6,5,1,5,4,370,0.166666666666667,0.833333333333333,0.0106951871657754,0.989304812834225,0.8,SCBI,gbif,3
SCBI_008,41_1_1,12,10,3,9,7,361,0.25,0.75,0.0190217391304348,0.980978260869565,0.7,SCBI,gbif,3
SCBI_008,41_1_4,8,4,2,6,2,370,0.25,0.75,0.00537634408602151,0.994623655913978,0.5,SCBI,gbif,3
SCBI_008,31_1_1,9,12,4,5,8,363,0.444444444444444,0.555555555555556,0.0215633423180593,0.978436657681941,0.666666666666667,SCBI,gbif,4
SCBI_008,31_1_4,10,15,5,5,10,360,0.5,0.5,0.027027027027027,0.972972972972973,0.666666666666667,SCBI,gbif,4
SCBI_008,32_1_2,9,9,2,7,7,364,0.222222222222222,0.777777777777778,0.0188679245283019,0.981132075471698,0.777777777777778,SCBI,gbif,4
SCBI_008,32_1_4,8,12,2,6,10,362,0.25,0.75,0.0268817204301075,0.973118279569892,0.833333333333333,SCBI,gbif,4
SCBI_008,40_1_3,6,5,1,5,4,370,0.166666666666667,0.833333333333333,0.0106951871657754,0.989304812834225,0.8,SCBI,gbif,4
SCBI_008,41_1_1,12,8,4,8,4,364,0.333333333333333,0.666666666666667,0.0108695652173913,0.989130434782609,0.5,SCBI,gbif,4
SCBI_008,41_1_4,8,6,3,5,3,369,0.375,0.625,0.00806451612903226,0.991935483870968,0.5,SCBI,gbif,4
SCBI_021,31_1_1,4,3,2,2,1,375,0.5,0.5,0.00265957446808511,0.997340425531915,0.333333333333333,SCBI,gbif,2
SCBI_021,31_1_4,11,6,3,8,3,366,0.272727272727273,0.727272727272727,0.00813008130081301,0.991869918699187,0.5,SCBI,gbif,2
SCBI_021,32_1_2,8,2,2,6,0,372,0.25,0.75,0,1,0,SCBI,gbif,2
SCBI_021,32_1_4,5,5,1,4,4,371,0.2,0.8,0.0106666666666667,0.989333333333333,0.8,SCBI,gbif,2
SCBI_021,40_1_1,8,3,2,6,1,371,0.25,0.75,0.00268817204301075,0.997311827956989,0.333333333333333,SCBI,gbif,2
SCBI_021,40_1_3,7,2,2,5,0,373,0.285714285714286,0.714285714285714,0,1,0,SCBI,gbif,2
SCBI_021,41_1_1,8,7,3,5,4,368,0.375,0.625,0.010752688172043,0.989247311827957,0.571428571428571,SCBI,gbif,2
SCBI_021,41_1_4,6,4,4,2,0,374,0.666666666666667,0.333333333333333,0,1,0,SCBI,gbif,2
SCBI_015,31_1_1,7,8,2,5,6,367,0.285714285714286,0.714285714285714,0.0160857908847185,0.983914209115281,0.75,SCBI,gbif,3
SCBI_015,31_1_4,12,3,1,11,2,366,0.0833333333333333,0.916666666666667,0.00543478260869565,0.994565217391304,0.666666666666667,SCBI,gbif,3
SCBI_015,32_1_2,8,6,2,6,4,368,0.25,0.75,0.010752688172043,0.989247311827957,0.666666666666667,SCBI,gbif,3
SCBI_015,32_1_4,9,5,1,8,4,367,0.111111111111111,0.888888888888889,0.0107816711590297,0.98921832884097,0.8,SCBI,gbif,3
SCBI_015,40_1_1,7,8,3,4,5,368,0.428571428571429,0.571428571428571,0.0134048257372654,0.986595174262735,0.625,SCBI,gbif,3
SCBI_015,40_1_3,7,5,1,6,4,369,0.142857142857143,0.857142857142857,0.0107238605898123,0.989276139410188,0.8,SCBI,gbif,3
SCBI_015,41_1_1,7,12,3,4,9,364,0.428571428571429,0.571428571428571,0.0241286863270777,0.975871313672922,0.75,SCBI,gbif,3
SCBI_015,41_1_4,8,14,4,4,10,362,0.5,0.5,0.0268817204301075,0.973118279569892,0.714285714285714,SCBI,gbif,3
SCBI_015,31_1_1,7,10,3,4,7,366,0.428571428571429,0.571428571428571,0.0187667560321716,0.981233243967828,0.7,SCBI,gbif,4
SCBI_015,31_1_4,12,9,1,11,8,360,0.0833333333333333,0.916666666666667,0.0217391304347826,0.978260869565217,0.888888888888889,SCBI,gbif,4
SCBI_015,32_1_2,8,11,3,5,8,364,0.375,0.625,0.021505376344086,0.978494623655914,0.727272727272727,SCBI,gbif,4
SCBI_015,32_1_4,9,11,1,8,10,361,0.111111111111111,0.888888888888889,0.0269541778975741,0.973045822102426,0.909090909090909,SCBI,gbif,4
SCBI_015,40_1_1,7,9,3,4,6,367,0.428571428571429,0.571428571428571,0.0160857908847185,0.983914209115281,0.666666666666667,SCBI,gbif,4
SCBI_015,40_1_3,7,11,3,4,8,365,0.428571428571429,0.571428571428571,0.0214477211796247,0.978552278820375,0.727272727272727,SCBI,gbif,4
SCBI_015,41_1_1,7,18,2,5,16,357,0.285714285714286,0.714285714285714,0.0428954423592493,0.957104557640751,0.888888888888889,SCBI,gbif,4
SCBI_015,41_1_4,8,20,8,0,12,360,1,0,0.032258064516129,0.967741935483871,0.6,SCBI,gbif,4
SCBI_021,31_1_1,4,2,2,2,0,376,0.5,0.5,0,1,0,SCBI,gbif,3
SCBI_021,31_1_4,11,7,4,7,3,366,0.363636363636364,0.636363636363636,0.00813008130081301,0.991869918699187,0.428571428571429,SCBI,gbif,3
SCBI_021,32_1_2,8,6,6,2,0,372,0.75,0.25,0,1,0,SCBI,gbif,3
SCBI_021,32_1_4,5,8,1,4,7,368,0.2,0.8,0.0186666666666667,0.981333333333333,0.875,SCBI,gbif,3
SCBI_021,40_1_1,8,3,3,5,0,372,0.375,0.625,0,1,0,SCBI,gbif,3
SCBI_021,40_1_3,7,3,3,4,0,373,0.428571428571429,0.571428571428571,0,1,0,SCBI,gbif,3
SCBI_021,41_1_1,8,5,3,5,2,370,0.375,0.625,0.00537634408602151,0.994623655913978,0.4,SCBI,gbif,3
SCBI_021,41_1_4,6,8,5,1,3,371,0.833333333333333,0.166666666666667,0.00802139037433155,0.991978609625668,0.375,SCBI,gbif,3
SCBI_021,31_1_1,4,2,2,2,0,376,0.5,0.5,0,1,0,SCBI,gbif,4
SCBI_021,31_1_4,11,9,4,7,5,364,0.363636363636364,0.636363636363636,0.013550135501355,0.986449864498645,0.555555555555556,SCBI,gbif,4
SCBI_021,32_1_2,8,5,5,3,0,372,0.625,0.375,0,1,0,SCBI,gbif,4
SCBI_021,32_1_4,5,12,2,3,10,365,0.4,0.6,0.0266666666666667,0.973333333333333,0.833333333333333,SCBI,gbif,4
SCBI_021,40_1_1,8,3,3,5,0,372,0.375,0.625,0,1,0,SCBI,gbif,4
SCBI_021,40_1_3,7,5,3,4,2,371,0.428571428571429,0.571428571428571,0.00536193029490617,0.994638069705094,0.4,SCBI,gbif,4
SCBI_021,41_1_1,8,11,3,5,8,364,0.375,0.625,0.021505376344086,0.978494623655914,0.727272727272727,SCBI,gbif,4
SCBI_021,41_1_4,6,5,4,2,1,373,0.666666666666667,0.333333333333333,0.00267379679144385,0.997326203208556,0.2,SCBI,gbif,4
SCBI_005,31_1_1,4,3,3,1,0,487,0.75,0.25,0,1,0,SCBI,neon,2
SCBI_005,31_1_4,6,1,1,5,0,485,0.166666666666667,0.833333333333333,0,1,0,SCBI,neon,2
SCBI_005,32_1_2,4,2,1,3,1,486,0.25,0.75,0.00205338809034908,0.997946611909651,0.5,SCBI,neon,2
SCBI_005,32_1_4,7,3,3,4,0,484,0.428571428571429,0.571428571428571,0,1,0,SCBI,neon,2
SCBI_005,40_1_1,4,2,2,2,0,487,0.5,0.5,0,1,0,SCBI,neon,2
SCBI_005,40_1_3,3,2,2,1,0,488,0.666666666666667,0.333333333333333,0,1,0,SCBI,neon,2
SCBI_005,41_1_1,7,1,1,6,0,484,0.142857142857143,0.857142857142857,0,1,0,SCBI,neon,2
SCBI_005,41_1_4,4,2,2,2,0,487,0.5,0.5,0,1,0,SCBI,neon,2
SCBI_005,31_1_1,4,3,3,1,0,487,0.75,0.25,0,1,0,SCBI,neon,3
SCBI_005,31_1_4,6,2,2,4,0,485,0.333333333333333,0.666666666666667,0,1,0,SCBI,neon,3
SCBI_005,32_1_2,4,3,1,3,2,485,0.25,0.75,0.00410677618069815,0.995893223819302,0.666666666666667,SCBI,neon,3
SCBI_005,32_1_4,7,3,3,4,0,484,0.428571428571429,0.571428571428571,0,1,0,SCBI,neon,3
SCBI_005,40_1_1,4,4,2,2,2,485,0.5,0.5,0.00410677618069815,0.995893223819302,0.5,SCBI,neon,3
SCBI_005,40_1_3,3,4,2,1,2,486,0.666666666666667,0.333333333333333,0.0040983606557377,0.995901639344262,0.5,SCBI,neon,3
SCBI_005,41_1_1,7,2,2,5,0,484,0.285714285714286,0.714285714285714,0,1,0,SCBI,neon,3
SCBI_005,41_1_4,4,2,2,2,0,487,0.5,0.5,0,1,0,SCBI,neon,3
SCBI_008,31_1_1,9,5,2,7,3,479,0.222222222222222,0.777777777777778,0.00622406639004149,0.993775933609959,0.6,SCBI,neon,2
SCBI_008,31_1_4,10,4,2,8,2,479,0.2,0.8,0.00415800415800416,0.995841995841996,0.5,SCBI,neon,2
SCBI_008,32_1_2,9,4,2,7,2,480,0.222222222222222,0.777777777777778,0.004149377593361,0.995850622406639,0.5,SCBI,neon,2
SCBI_008,32_1_4,8,7,1,7,6,477,0.125,0.875,0.0124223602484472,0.987577639751553,0.857142857142857,SCBI,neon,2
SCBI_008,40_1_3,6,8,1,5,4,481,0.166666666666667,0.833333333333333,0.00824742268041237,0.991752577319588,0.5,SCBI,neon,2
SCBI_008,41_1_1,12,3,2,10,1,478,0.166666666666667,0.833333333333333,0.00208768267223382,0.997912317327766,0.333333333333333,SCBI,neon,2
SCBI_008,41_1_4,8,4,3,5,1,482,0.375,0.625,0.0020703933747412,0.997929606625259,0.25,SCBI,neon,2
SCBI_008,31_1_1,9,8,3,6,5,477,0.333333333333333,0.666666666666667,0.0103734439834025,0.989626556016598,0.625,SCBI,neon,3
SCBI_008,31_1_4,10,9,6,4,3,478,0.6,0.4,0.00623700623700624,0.993762993762994,0.333333333333333,SCBI,neon,3
SCBI_008,32_1_2,9,4,2,7,2,480,0.222222222222222,0.777777777777778,0.004149377593361,0.995850622406639,0.5,SCBI,neon,3
SCBI_008,32_1_4,8,9,2,6,7,476,0.25,0.75,0.0144927536231884,0.985507246376812,0.777777777777778,SCBI,neon,3
SCBI_008,40_1_3,6,6,1,5,5,480,0.166666666666667,0.833333333333333,0.0103092783505155,0.989690721649485,0.833333333333333,SCBI,neon,3
SCBI_008,41_1_1,12,12,4,8,8,471,0.333333333333333,0.666666666666667,0.0167014613778706,0.98329853862213,0.666666666666667,SCBI,neon,3
SCBI_008,41_1_4,8,4,2,6,2,481,0.25,0.75,0.0041407867494824,0.995859213250518,0.5,SCBI,neon,3
SCBI_005,31_1_1,4,3,3,1,0,487,0.75,0.25,0,1,0,SCBI,neon,4
SCBI_005,31_1_4,6,2,2,4,0,485,0.333333333333333,0.666666666666667,0,1,0,SCBI,neon,4
SCBI_005,32_1_2,4,7,3,1,4,483,0.75,0.25,0.0082135523613963,0.991786447638604,0.571428571428571,SCBI,neon,4
SCBI_005,32_1_4,7,3,3,4,0,484,0.428571428571429,0.571428571428571,0,1,0,SCBI,neon,4
SCBI_005,40_1_1,4,4,2,2,2,485,0.5,0.5,0.00410677618069815,0.995893223819302,0.5,SCBI,neon,4
SCBI_005,40_1_3,3,5,2,1,3,485,0.666666666666667,0.333333333333333,0.00614754098360656,0.993852459016393,0.6,SCBI,neon,4
SCBI_005,41_1_1,7,2,2,5,0,484,0.285714285714286,0.714285714285714,0,1,0,SCBI,neon,4
SCBI_005,41_1_4,4,2,2,2,0,487,0.5,0.5,0,1,0,SCBI,neon,4
SCBI_015,31_1_1,7,5,1,6,4,480,0.142857142857143,0.857142857142857,0.00826446280991736,0.991735537190083,0.8,SCBI,neon,2
SCBI_015,31_1_4,12,4,0,12,4,475,0,1,0.00835073068893528,0.991649269311065,1,SCBI,neon,2
SCBI_015,32_1_2,8,7,2,6,5,478,0.25,0.75,0.010351966873706,0.989648033126294,0.714285714285714,SCBI,neon,2
SCBI_015,32_1_4,9,4,1,8,3,479,0.111111111111111,0.888888888888889,0.00622406639004149,0.993775933609959,0.75,SCBI,neon,2
SCBI_015,40_1_1,7,6,3,4,3,481,0.428571428571429,0.571428571428571,0.00619834710743802,0.993801652892562,0.5,SCBI,neon,2
SCBI_015,40_1_3,7,2,1,6,1,483,0.142857142857143,0.857142857142857,0.00206611570247934,0.997933884297521,0.5,SCBI,neon,2
SCBI_015,41_1_1,7,7,1,6,6,478,0.142857142857143,0.857142857142857,0.012396694214876,0.987603305785124,0.857142857142857,SCBI,neon,2
SCBI_015,41_1_4,8,6,2,6,4,479,0.25,0.75,0.0082815734989648,0.991718426501035,0.666666666666667,SCBI,neon,2
SCBI_015,31_1_1,7,8,2,5,6,478,0.285714285714286,0.714285714285714,0.012396694214876,0.987603305785124,0.75,SCBI,neon,3
SCBI_015,31_1_4,12,3,1,11,2,477,0.0833333333333333,0.916666666666667,0.00417536534446764,0.995824634655532,0.666666666666667,SCBI,neon,3
SCBI_015,32_1_2,8,6,2,6,4,479,0.25,0.75,0.0082815734989648,0.991718426501035,0.666666666666667,SCBI,neon,3
SCBI_015,32_1_4,9,5,1,8,4,478,0.111111111111111,0.888888888888889,0.00829875518672199,0.991701244813278,0.8,SCBI,neon,3
SCBI_015,40_1_1,7,8,3,4,5,479,0.428571428571429,0.571428571428571,0.0103305785123967,0.989669421487603,0.625,SCBI,neon,3
SCBI_015,40_1_3,7,5,1,6,4,480,0.142857142857143,0.857142857142857,0.00826446280991736,0.991735537190083,0.8,SCBI,neon,3
SCBI_015,41_1_1,7,10,3,4,7,477,0.428571428571429,0.571428571428571,0.0144628099173554,0.985537190082645,0.7,SCBI,neon,3
SCBI_015,41_1_4,8,13,4,4,9,474,0.5,0.5,0.0186335403726708,0.981366459627329,0.692307692307692,SCBI,neon,3
SCBI_008,31_1_1,9,12,4,5,8,474,0.444444444444444,0.555555555555556,0.016597510373444,0.983402489626556,0.666666666666667,SCBI,neon,4
SCBI_008,31_1_4,10,13,5,5,8,473,0.5,0.5,0.0166320166320166,0.983367983367983,0.615384615384615,SCBI,neon,4
SCBI_008,32_1_2,9,10,2,7,8,474,0.222222222222222,0.777777777777778,0.016597510373444,0.983402489626556,0.8,SCBI,neon,4
SCBI_008,32_1_4,8,10,2,6,8,475,0.25,0.75,0.0165631469979296,0.98343685300207,0.8,SCBI,neon,4
SCBI_008,40_1_3,6,6,1,5,5,480,0.166666666666667,0.833333333333333,0.0103092783505155,0.989690721649485,0.833333333333333,SCBI,neon,4
SCBI_008,41_1_1,12,9,4,8,5,474,0.333333333333333,0.666666666666667,0.0104384133611691,0.989561586638831,0.555555555555556,SCBI,neon,4
SCBI_008,41_1_4,8,7,3,5,4,479,0.375,0.625,0.0082815734989648,0.991718426501035,0.571428571428571,SCBI,neon,4
SCBI_021,31_1_1,4,2,2,2,0,487,0.5,0.5,0,1,0,SCBI,neon,2
SCBI_021,31_1_4,11,8,3,8,5,475,0.272727272727273,0.727272727272727,0.0104166666666667,0.989583333333333,0.625,SCBI,neon,2
SCBI_021,32_1_2,8,2,2,6,0,483,0.25,0.75,0,1,0,SCBI,neon,2
SCBI_021,32_1_4,5,5,1,4,4,482,0.2,0.8,0.00823045267489712,0.991769547325103,0.8,SCBI,neon,2
SCBI_021,40_1_1,8,2,2,6,0,483,0.25,0.75,0,1,0,SCBI,neon,2
SCBI_021,40_1_3,7,2,2,5,0,484,0.285714285714286,0.714285714285714,0,1,0,SCBI,neon,2
SCBI_021,41_1_1,8,7,2,6,5,478,0.25,0.75,0.010351966873706,0.989648033126294,0.714285714285714,SCBI,neon,2
SCBI_021,41_1_4,6,4,4,2,0,485,0.666666666666667,0.333333333333333,0,1,0,SCBI,neon,2
SCBI_021,31_1_1,4,2,2,2,0,487,0.5,0.5,0,1,0,SCBI,neon,3
SCBI_021,31_1_4,11,7,4,7,3,477,0.363636363636364,0.636363636363636,0.00625,0.99375,0.428571428571429,SCBI,neon,3
SCBI_021,32_1_2,8,6,6,2,0,483,0.75,0.25,0,1,0,SCBI,neon,3
SCBI_021,32_1_4,5,8,1,4,7,479,0.2,0.8,0.01440329218107,0.98559670781893,0.875,SCBI,neon,3
SCBI_021,40_1_1,8,3,3,5,0,483,0.375,0.625,0,1,0,SCBI,neon,3
SCBI_021,40_1_3,7,3,3,4,0,484,0.428571428571429,0.571428571428571,0,1,0,SCBI,neon,3
SCBI_021,41_1_1,8,6,3,5,3,480,0.375,0.625,0.0062111801242236,0.993788819875776,0.5,SCBI,neon,3
SCBI_021,41_1_4,6,6,5,1,1,484,0.833333333333333,0.166666666666667,0.00206185567010309,0.997938144329897,0.166666666666667,SCBI,neon,3
SCBI_015,31_1_1,7,11,3,4,8,476,0.428571428571429,0.571428571428571,0.0165289256198347,0.983471074380165,0.727272727272727,SCBI,neon,4
SCBI_015,31_1_4,12,9,1,11,8,471,0.0833333333333333,0.916666666666667,0.0167014613778706,0.98329853862213,0.888888888888889,SCBI,neon,4
SCBI_015,32_1_2,8,13,3,5,10,473,0.375,0.625,0.020703933747412,0.979296066252588,0.769230769230769,SCBI,neon,4
SCBI_015,32_1_4,9,12,1,8,11,471,0.111111111111111,0.888888888888889,0.0228215767634855,0.977178423236514,0.916666666666667,SCBI,neon,4
SCBI_015,40_1_1,7,11,3,4,8,476,0.428571428571429,0.571428571428571,0.0165289256198347,0.983471074380165,0.727272727272727,SCBI,neon,4
SCBI_015,40_1_3,7,13,3,4,10,474,0.428571428571429,0.571428571428571,0.0206611570247934,0.979338842975207,0.769230769230769,SCBI,neon,4
SCBI_015,41_1_1,7,14,2,5,12,472,0.285714285714286,0.714285714285714,0.0247933884297521,0.975206611570248,0.857142857142857,SCBI,neon,4
SCBI_015,41_1_4,8,23,8,0,15,468,1,0,0.031055900621118,0.968944099378882,0.652173913043478,SCBI,neon,4
SCBI_021,31_1_1,4,3,2,2,1,486,0.5,0.5,0.00205338809034908,0.997946611909651,0.333333333333333,SCBI,neon,4
SCBI_021,31_1_4,11,10,5,6,5,475,0.454545454545455,0.545454545454545,0.0104166666666667,0.989583333333333,0.5,SCBI,neon,4
SCBI_021,32_1_2,8,6,5,3,1,482,0.625,0.375,0.0020703933747412,0.997929606625259,0.166666666666667,SCBI,neon,4
SCBI_021,32_1_4,5,11,2,3,9,477,0.4,0.6,0.0185185185185185,0.981481481481482,0.818181818181818,SCBI,neon,4
SCBI_021,40_1_1,8,4,3,5,1,482,0.375,0.625,0.0020703933747412,0.997929606625259,0.25,SCBI,neon,4
SCBI_021,40_1_3,7,5,3,4,2,482,0.428571428571429,0.571428571428571,0.00413223140495868,0.995867768595041,0.4,SCBI,neon,4
SCBI_021,41_1_1,8,9,3,5,6,477,0.375,0.625,0.0124223602484472,0.987577639751553,0.666666666666667,SCBI,neon,4
SCBI_021,41_1_4,6,4,4,2,0,485,0.666666666666667,0.333333333333333,0,1,0,SCBI,neon,4
SCBI_005,31_1_1,4,3,3,1,0,4656,0.75,0.25,0,1,0,SCBI,state,2
SCBI_005,31_1_4,6,1,1,5,0,4654,0.166666666666667,0.833333333333333,0,1,0,SCBI,state,2
SCBI_005,32_1_2,4,3,1,3,2,4654,0.25,0.75,0.000429553264604811,0.999570446735395,0.666666666666667,SCBI,state,2
SCBI_005,32_1_4,7,3,3,4,0,4653,0.428571428571429,0.571428571428571,0,1,0,SCBI,state,2
SCBI_005,40_1_1,4,2,2,2,0,4656,0.5,0.5,0,1,0,SCBI,state,2
SCBI_005,40_1_3,3,2,2,1,0,4657,0.666666666666667,0.333333333333333,0,1,0,SCBI,state,2
SCBI_005,41_1_1,7,1,1,6,0,4653,0.142857142857143,0.857142857142857,0,1,0,SCBI,state,2
SCBI_005,41_1_4,4,2,2,2,0,4656,0.5,0.5,0,1,0,SCBI,state,2
SCBI_008,31_1_1,9,5,2,7,3,4648,0.222222222222222,0.777777777777778,0.000645022575790153,0.99935497742421,0.6,SCBI,state,2
SCBI_008,31_1_4,10,5,2,8,3,4647,0.2,0.8,0.000645161290322581,0.999354838709677,0.6,SCBI,state,2
SCBI_008,32_1_2,9,4,2,7,2,4649,0.222222222222222,0.777777777777778,0.000430015050526768,0.999569984949473,0.5,SCBI,state,2
SCBI_008,32_1_4,8,4,0,8,4,4648,0,1,0.000859845227858985,0.999140154772141,1,SCBI,state,2
SCBI_008,40_1_3,6,3,1,5,2,4652,0.166666666666667,0.833333333333333,0.000429737859905458,0.999570262140095,0.666666666666667,SCBI,state,2
SCBI_008,41_1_1,12,5,2,10,3,4645,0.166666666666667,0.833333333333333,0.000645438898450947,0.999354561101549,0.6,SCBI,state,2
SCBI_008,41_1_4,8,5,3,5,2,4650,0.375,0.625,0.000429922613929493,0.99957007738607,0.4,SCBI,state,2
SCBI_015,31_1_1,7,5,1,6,4,4649,0.142857142857143,0.857142857142857,0.000859660434128519,0.999140339565871,0.8,SCBI,state,2
SCBI_015,31_1_4,12,6,0,12,6,4642,0,1,0.00129087779690189,0.998709122203098,1,SCBI,state,2
SCBI_015,32_1_2,8,4,1,7,3,4649,0.125,0.875,0.000644883920894239,0.999355116079106,0.75,SCBI,state,2
SCBI_015,32_1_4,9,5,1,8,4,4647,0.111111111111111,0.888888888888889,0.000860030101053537,0.999139969898946,0.8,SCBI,state,2
SCBI_015,40_1_1,7,6,2,5,4,4649,0.285714285714286,0.714285714285714,0.000859660434128519,0.999140339565871,0.666666666666667,SCBI,state,2
SCBI_015,40_1_3,7,3,1,6,2,4651,0.142857142857143,0.857142857142857,0.00042983021706426,0.999570169782936,0.666666666666667,SCBI,state,2
SCBI_015,41_1_1,7,6,0,7,6,4647,0,1,0.00128949065119278,0.998710509348807,1,SCBI,state,2
SCBI_015,41_1_4,8,4,1,7,3,4649,0.125,0.875,0.000644883920894239,0.999355116079106,0.75,SCBI,state,2
SCBI_008,31_1_1,9,10,2,7,8,4643,0.222222222222222,0.777777777777778,0.00172006020210707,0.998279939797893,0.8,SCBI,state,3
SCBI_008,31_1_4,10,9,5,5,4,4646,0.5,0.5,0.000860215053763441,0.999139784946237,0.444444444444444,SCBI,state,3
SCBI_008,32_1_2,9,5,2,7,3,4648,0.222222222222222,0.777777777777778,0.000645022575790153,0.99935497742421,0.6,SCBI,state,3
SCBI_008,32_1_4,8,10,2,6,8,4644,0.25,0.75,0.00171969045571797,0.998280309544282,0.8,SCBI,state,3
SCBI_008,40_1_3,6,5,1,5,4,4650,0.166666666666667,0.833333333333333,0.000859475719810915,0.999140524280189,0.8,SCBI,state,3
SCBI_008,41_1_1,12,11,3,9,8,4640,0.25,0.75,0.00172117039586919,0.998278829604131,0.727272727272727,SCBI,state,3
SCBI_008,41_1_4,8,6,2,6,4,4648,0.25,0.75,0.000859845227858985,0.999140154772141,0.666666666666667,SCBI,state,3
SCBI_005,31_1_1,4,3,3,1,0,4656,0.75,0.25,0,1,0,SCBI,state,3
SCBI_005,31_1_4,6,2,2,4,0,4654,0.333333333333333,0.666666666666667,0,1,0,SCBI,state,3
SCBI_005,32_1_2,4,3,1,3,2,4654,0.25,0.75,0.000429553264604811,0.999570446735395,0.666666666666667,SCBI,state,3
SCBI_005,32_1_4,7,4,3,4,1,4652,0.428571428571429,0.571428571428571,0.00021491510853213,0.999785084891468,0.25,SCBI,state,3
SCBI_005,40_1_1,4,4,2,2,2,4654,0.5,0.5,0.000429553264604811,0.999570446735395,0.5,SCBI,state,3
SCBI_005,40_1_3,3,2,2,1,0,4657,0.666666666666667,0.333333333333333,0,1,0,SCBI,state,3
SCBI_005,41_1_1,7,2,2,5,0,4653,0.285714285714286,0.714285714285714,0,1,0,SCBI,state,3
SCBI_005,41_1_4,4,3,2,2,1,4655,0.5,0.5,0.000214776632302405,0.999785223367698,0.333333333333333,SCBI,state,3
SCBI_005,31_1_1,4,3,3,1,0,4656,0.75,0.25,0,1,0,SCBI,state,4
SCBI_005,31_1_4,6,2,2,4,0,4654,0.333333333333333,0.666666666666667,0,1,0,SCBI,state,4
SCBI_005,32_1_2,4,6,3,1,3,4653,0.75,0.25,0.000644329896907216,0.999355670103093,0.5,SCBI,state,4
SCBI_005,32_1_4,7,3,3,4,0,4653,0.428571428571429,0.571428571428571,0,1,0,SCBI,state,4
SCBI_005,40_1_1,4,4,2,2,2,4654,0.5,0.5,0.000429553264604811,0.999570446735395,0.5,SCBI,state,4
SCBI_005,40_1_3,3,5,2,1,3,4654,0.666666666666667,0.333333333333333,0.00064419153961778,0.999355808460382,0.6,SCBI,state,4
SCBI_005,41_1_1,7,2,2,5,0,4653,0.285714285714286,0.714285714285714,0,1,0,SCBI,state,4
SCBI_005,41_1_4,4,3,2,2,1,4655,0.5,0.5,0.000214776632302405,0.999785223367698,0.333333333333333,SCBI,state,4
SCBI_015,31_1_1,7,10,1,6,9,4644,0.142857142857143,0.857142857142857,0.00193423597678917,0.998065764023211,0.9,SCBI,state,3
SCBI_015,31_1_4,12,7,1,11,6,4642,0.0833333333333333,0.916666666666667,0.00129087779690189,0.998709122203098,0.857142857142857,SCBI,state,3
SCBI_015,32_1_2,8,7,2,6,5,4647,0.25,0.75,0.00107480653482373,0.998925193465176,0.714285714285714,SCBI,state,3
SCBI_015,32_1_4,9,8,1,8,7,4644,0.111111111111111,0.888888888888889,0.00150505267684369,0.998494947323156,0.875,SCBI,state,3
SCBI_015,40_1_1,7,8,3,4,5,4648,0.428571428571429,0.571428571428571,0.00107457554266065,0.998925424457339,0.625,SCBI,state,3
SCBI_015,40_1_3,7,6,1,6,5,4648,0.142857142857143,0.857142857142857,0.00107457554266065,0.998925424457339,0.833333333333333,SCBI,state,3
SCBI_015,41_1_1,7,12,1,6,11,4642,0.142857142857143,0.857142857142857,0.00236406619385343,0.997635933806147,0.916666666666667,SCBI,state,3
SCBI_015,41_1_4,8,13,3,5,10,4642,0.375,0.625,0.00214961306964746,0.997850386930353,0.769230769230769,SCBI,state,3
SCBI_015,31_1_1,7,16,2,5,14,4639,0.285714285714286,0.714285714285714,0.00300881151944982,0.99699118848055,0.875,SCBI,state,4
SCBI_015,31_1_4,12,11,1,11,10,4638,0.0833333333333333,0.916666666666667,0.00215146299483649,0.997848537005164,0.909090909090909,SCBI,state,4
SCBI_015,32_1_2,8,13,3,5,10,4642,0.375,0.625,0.00214961306964746,0.997850386930353,0.769230769230769,SCBI,state,4
SCBI_015,32_1_4,9,15,1,8,14,4637,0.111111111111111,0.888888888888889,0.00301010535368738,0.996989894646313,0.933333333333333,SCBI,state,4
SCBI_015,40_1_1,7,21,3,4,18,4635,0.428571428571429,0.571428571428571,0.00386847195357834,0.996131528046422,0.857142857142857,SCBI,state,4
SCBI_015,40_1_3,7,12,2,5,10,4643,0.285714285714286,0.714285714285714,0.0021491510853213,0.997850848914679,0.833333333333333,SCBI,state,4
SCBI_015,41_1_1,7,12,0,7,12,4641,0,1,0.00257898130238556,0.997421018697614,1,SCBI,state,4
SCBI_015,41_1_4,8,19,5,3,14,4638,0.625,0.375,0.00300945829750645,0.996990541702494,0.736842105263158,SCBI,state,4
SCBI_008,31_1_1,9,14,3,6,11,4640,0.333333333333333,0.666666666666667,0.00236508277789723,0.997634917222103,0.785714285714286,SCBI,state,4
SCBI_008,31_1_4,10,14,4,6,10,4640,0.4,0.6,0.0021505376344086,0.997849462365591,0.714285714285714,SCBI,state,4
SCBI_008,32_1_2,9,12,2,7,10,4641,0.222222222222222,0.777777777777778,0.00215007525263384,0.997849924747366,0.833333333333333,SCBI,state,4
SCBI_008,32_1_4,8,12,2,6,10,4642,0.25,0.75,0.00214961306964746,0.997850386930353,0.833333333333333,SCBI,state,4
SCBI_008,40_1_3,6,9,1,5,8,4646,0.166666666666667,0.833333333333333,0.00171895143962183,0.998281048560378,0.888888888888889,SCBI,state,4
SCBI_008,41_1_1,12,14,4,8,10,4638,0.333333333333333,0.666666666666667,0.00215146299483649,0.997848537005164,0.714285714285714,SCBI,state,4
SCBI_008,41_1_4,8,12,3,5,9,4643,0.375,0.625,0.00193465176268272,0.998065348237317,0.75,SCBI,state,4
SCBI_021,31_1_1,4,2,2,2,0,4656,0.5,0.5,0,1,0,SCBI,state,2
SCBI_021,31_1_4,11,6,3,8,3,4646,0.272727272727273,0.727272727272727,0.000645300064530006,0.99935469993547,0.5,SCBI,state,2
SCBI_021,32_1_2,8,2,2,6,0,4652,0.25,0.75,0,1,0,SCBI,state,2
SCBI_021,32_1_4,5,3,1,4,2,4653,0.2,0.8,0.000429645542427497,0.999570354457572,0.666666666666667,SCBI,state,2
SCBI_021,40_1_1,8,2,2,6,0,4652,0.25,0.75,0,1,0,SCBI,state,2
SCBI_021,40_1_3,7,2,2,5,0,4653,0.285714285714286,0.714285714285714,0,1,0,SCBI,state,2
SCBI_021,41_1_1,8,4,1,7,3,4649,0.125,0.875,0.000644883920894239,0.999355116079106,0.75,SCBI,state,2
SCBI_021,41_1_4,6,4,4,2,0,4654,0.666666666666667,0.333333333333333,0,1,0,SCBI,state,2
SCBI_021,31_1_1,4,3,2,2,1,4655,0.5,0.5,0.000214776632302405,0.999785223367698,0.333333333333333,SCBI,state,3
SCBI_021,31_1_4,11,8,4,7,4,4645,0.363636363636364,0.636363636363636,0.000860400086040009,0.99913959991396,0.5,SCBI,state,3
SCBI_021,32_1_2,8,6,5,3,1,4651,0.625,0.375,0.000214961306964746,0.999785038693035,0.166666666666667,SCBI,state,3
SCBI_021,32_1_4,5,7,1,4,6,4649,0.2,0.8,0.00128893662728249,0.998711063372718,0.857142857142857,SCBI,state,3
SCBI_021,40_1_1,8,4,3,5,1,4651,0.375,0.625,0.000214961306964746,0.999785038693035,0.25,SCBI,state,3
SCBI_021,40_1_3,7,5,3,4,2,4651,0.428571428571429,0.571428571428571,0.00042983021706426,0.999570169782936,0.4,SCBI,state,3
SCBI_021,41_1_1,8,10,3,5,7,4645,0.375,0.625,0.00150472914875322,0.998495270851247,0.7,SCBI,state,3
SCBI_021,41_1_4,6,5,4,2,1,4653,0.666666666666667,0.333333333333333,0.000214868929952729,0.999785131070047,0.2,SCBI,state,3
SCBI_021,31_1_1,4,5,2,2,3,4653,0.5,0.5,0.000644329896907216,0.999355670103093,0.6,SCBI,state,4
SCBI_021,31_1_4,11,10,4,7,6,4643,0.363636363636364,0.636363636363636,0.00129060012906001,0.99870939987094,0.6,SCBI,state,4
SCBI_021,32_1_2,8,5,3,5,2,4650,0.375,0.625,0.000429922613929493,0.99957007738607,0.4,SCBI,state,4
SCBI_021,32_1_4,5,7,1,4,6,4649,0.2,0.8,0.00128893662728249,0.998711063372718,0.857142857142857,SCBI,state,4
SCBI_021,40_1_1,8,6,3,5,3,4649,0.375,0.625,0.000644883920894239,0.999355116079106,0.5,SCBI,state,4
SCBI_021,40_1_3,7,9,2,5,7,4646,0.285714285714286,0.714285714285714,0.00150440575972491,0.998495594240275,0.777777777777778,SCBI,state,4
SCBI_021,41_1_1,8,14,3,5,11,4641,0.375,0.625,0.00236457437661221,0.997635425623388,0.785714285714286,SCBI,state,4
SCBI_021,41_1_4,6,8,4,2,4,4650,0.666666666666667,0.333333333333333,0.000859475719810915,0.999140524280189,0.5,SCBI,state,4
