taxonKey,scientificName,acceptedTaxonKey,acceptedScientificName,numberOfOccurrences,taxonRank,taxonomicStatus,kingdom,kingdomKey,phylum,phylumKey,class,classKey,order,orderKey,family,familyKey,genus,genusKey,species,speciesKey,iucnRedListCategory
VM7YP,Galium circaezans Michx.,VM7YP,Galium circaezans Michx.,4,SPECIES,ACCEPTED,Plantae,P,Tracheophyta,TP,Magnoliopsida,MG,Gentianales,39D,Rubiaceae,SGJN5,Galium,8VXRS,Galium circaezans,VM7YP,
49L7W,Onoclea sensibilis L.,49L7W,Onoclea sensibilis L.,5,SPECIES,ACCEPTED,Plantae,P,Tracheophyta,TP,Polypodiopsida,GV,Polypodiales,3VL,Onocleaceae,DLR,Onoclea,68CH,Onoclea sensibilis,49L7W,LC
6ZJVS,Stellaria pubera Michx.,6ZJVS,Stellaria pubera Michx.,14,SPECIES,ACCEPTED,Plantae,P,Tracheophyta,TP,Magnoliopsida,MG,Caryophyllales,VW,Caryophyllaceae,7RZ,Stellaria,4PZ,Stellaria pubera,6ZJVS,
4W9BF,Sedum glaucophyllum R.T.Clausen,4W9BF,Sedum glaucophyllum R.T.Clausen,2,SPECIES,ACCEPTED,Plantae,P,Tracheophyta,TP,Magnoliopsida,MG,Saxifragales,424,Crassulaceae,8N6,Sedum,7F44,Sedum glaucophyllum,4W9BF,
72LWC,Lobelia siphilitica L.,72LWC,Lobelia siphilitica L.,5,SPECIES,ACCEPTED,Plantae,P,Tracheophyta,TP,Magnoliopsida,MG,Asterales,ST,Campanulaceae,LZZSM,Lobelia,8VYZ5,Lobelia siphilitica,72LWC,LC
3VZBF,Lonicera maackii (Rupr.) Maxim.,3VZBF,Lonicera maackii (Rupr.) Maxim.,4,SPECIES,ACCEPTED,Plantae,P,Tracheophyta,TP,Magnoliopsida,MG,Dipsacales,35C,Caprifoliaceae,KV2D5,Lonicera,5GFJ,Lonicera maackii,3VZBF,
QBTT,Campanula rapunculoides L.,QBTT,Campanula rapunculoides L.,6,SPECIES,ACCEPTED,Plantae,P,Tracheophyta,TP,Magnoliopsida,MG,Asterales,ST,Campanulaceae,LZZSM,Campanula,8VR3V,Campanula rapunculoides,QBTT,
4L8R6,Polygonatum biflorum (Walter) Elliott,4L8R6,Polygonatum biflorum (Walter) Elliott,15,SPECIES,ACCEPTED,Plantae,P,Tracheophyta,TP,Liliopsida,L2L,Asparagales,SP,Asparagaceae,6T3,Polygonatum,8W2LK,Polygonatum biflorum,4L8R6,
4ZRH7,Stellaria media (L.) Vill.,4ZRH7,Stellaria media (L.) Vill.,7,SPECIES,ACCEPTED,Plantae,P,Tracheophyta,TP,Magnoliopsida,MG,Caryophyllales,VW,Caryophyllaceae,7RZ,Stellaria,4PZ,Stellaria media,4ZRH7,
6QQP7,Lysimachia ciliata L.,6QQP7,Lysimachia ciliata L.,7,SPECIES,ACCEPTED,Plantae,P,Tracheophyta,TP,Magnoliopsida,MG,Ericales,625QY,Primulaceae,627BN,Lysimachia,62XTM,Lysimachia ciliata,6QQP7,LC
6SFBS,Obolaria virginica L.,6SFBS,Obolaria virginica L.,5,SPECIES,ACCEPTED,Plantae,P,Tracheophyta,TP,Magnoliopsida,MG,Gentianales,39D,Gentianaceae,6247C,Obolaria,669R,Obolaria virginica,6SFBS,
R4BZ,Cardamine concatenata (Michx.) O.Schwarz,R4BZ,Cardamine concatenata (Michx.) O.Schwarz,11,SPECIES,ACCEPTED,Plantae,P,Tracheophyta,TP,Magnoliopsida,MG,Capparales,V5D96,Brassicaceae,C6GCC,Cardamine,C6K8G,Cardamine concatenata,R4BZ,
4TK5X,Rubus flagellaris Willd.,4TK5X,Rubus flagellaris Willd.,7,SPECIES,ACCEPTED,Plantae,P,Tracheophyta,TP,Magnoliopsida,MG,Rosales,3Z6,Rosaceae,FTK,Rubus,643JJ,Rubus flagellaris,4TK5X,
43P95,Mitella diphylla L.,43P95,Mitella diphylla L.,7,SPECIES,ACCEPTED,Plantae,P,Tracheophyta,TP,Magnoliopsida,MG,Saxifragales,424,Saxifragaceae,6278B,Mitella,5TSR,Mitella diphylla,43P95,
JFFF,Athyrium asplenioides (Michx.) Desv.,JFFF,Athyrium asplenioides (Michx.) Desv.,7,SPECIES,ACCEPTED,Plantae,P,Tracheophyta,TP,Polypodiopsida,GV,Polypodiales,3VL,Athyriaceae,6VS,Athyrium,3535,Athyrium asplenioides,JFFF,
3YMX2,Medeola virginiana L.,3YMX2,Medeola virginiana L.,5,SPECIES,ACCEPTED,Plantae,P,Tracheophyta,TP,Liliopsida,L2L,Liliales,623DL,Liliaceae,6259D,Medeola,8VZ7N,Medeola virginiana,3YMX2,
M9CF,Boehmeria cylindrica (L.) Sw.,M9CF,Boehmeria cylindrica (L.) Sw.,4,SPECIES,ACCEPTED,Plantae,P,Tracheophyta,TP,Magnoliopsida,MG,Rosales,3Z6,Urticaceae,HQS,Boehmeria,3B2D,Boehmeria cylindrica,M9CF,LC
6CMCY,Deparia acrostichoides (Sw.) M.Kato,6CMCY,Deparia acrostichoides (Sw.) M.Kato,6,SPECIES,ACCEPTED,Plantae,P,Tracheophyta,TP,Polypodiopsida,GV,Polypodiales,3VL,Athyriaceae,6VS,Deparia,62PJV,Deparia acrostichoides,6CMCY,
67QDX,Aquilegia canadensis L.,67QDX,Aquilegia canadensis L.,5,SPECIES,ACCEPTED,Plantae,P,Tracheophyta,TP,Magnoliopsida,MG,Ranunculales,3XS,Ranunculaceae,FJR,Aquilegia,ZHP,Aquilegia canadensis,67QDX,
627FW,Poaceae Barnhart,627FW,Poaceae Barnhart,16,FAMILY,ACCEPTED,Plantae,P,Tracheophyta,TP,Liliopsida,L2L,Poales,627VM,Poaceae,627FW,,,,,
37XQX,Dryopteris spinulosa (O.F.Müll.) Kuntze,37W3P,Dryopteris carthusiana (Vill.) H.P.Fuchs,1,SPECIES,SYNONYM,Plantae,P,Tracheophyta,TP,Polypodiopsida,GV,Polypodiales,3VL,Dryopteridaceae,9H9,Dryopteris,48JM,Dryopteris carthusiana,37W3P,
53Q7D,Symphyotrichum divaricatum (Nutt.) G.L.Nesom,53Q7D,Symphyotrichum divaricatum (Nutt.) G.L.Nesom,8,SPECIES,ACCEPTED,Plantae,P,Tracheophyta,TP,Magnoliopsida,MG,Asterales,ST,Asteraceae,622TP,Symphyotrichum,7QW7,Symphyotrichum divaricatum,53Q7D,
562K5,Thalictrum thalictroides (L.) A.J.Eames & B.Boivin,562K5,Thalictrum thalictroides (L.) A.J.Eames & B.Boivin,15,SPECIES,ACCEPTED,Plantae,P,Tracheophyta,TP,Magnoliopsida,MG,Ranunculales,3XS,Ranunculaceae,FJR,Thalictrum,7V6B,Thalictrum thalictroides,562K5,
6Q3GP,Lespedeza violacea (L.) Pers.,6Q3GP,Lespedeza violacea (L.) Pers.,2,SPECIES,ACCEPTED,Plantae,P,Tracheophyta,TP,Magnoliopsida,MG,Fabales,383,Fabaceae,623QT,Lespedeza,9CL6Z,Lespedeza violacea,6Q3GP,
322XH,Cryptotaenia canadensis (L.) DC.,322XH,Cryptotaenia canadensis (L.) DC.,7,SPECIES,ACCEPTED,Plantae,P,Tracheophyta,TP,Magnoliopsida,MG,Apiales,B7VXH,Apiaceae,6KC,Cryptotaenia,62P6M,Cryptotaenia canadensis,322XH,
3PJJK,Impatiens capensis Meerb.,3PJJK,Impatiens capensis Meerb.,11,SPECIES,ACCEPTED,Plantae,P,Tracheophyta,TP,Magnoliopsida,MG,Ericales,625QY,Balsaminaceae,72Q,Impatiens,542F,Impatiens capensis,3PJJK,LC
3ZQV2,Menispermum canadense L.,3ZQV2,Menispermum canadense L.,3,SPECIES,ACCEPTED,Plantae,P,Tracheophyta,TP,Magnoliopsida,MG,Ranunculales,3XS,Menispermaceae,CLG,Menispermum,5P49,Menispermum canadense,3ZQV2,
KM6S,Barbarea vulgaris W.T.Aiton,KM6S,Barbarea vulgaris W.T.Aiton,6,SPECIES,ACCEPTED,Plantae,P,Tracheophyta,TP,Magnoliopsida,MG,Capparales,V5D96,Brassicaceae,C6GCC,Barbarea,C6BVQ,Barbarea vulgaris,KM6S,DD
G4X9,Aralia racemosa L.,G4X9,Aralia racemosa L.,6,SPECIES,ACCEPTED,Plantae,P,Tracheophyta,TP,Magnoliopsida,MG,Apiales,B7VXH,Araliaceae,B7VYB,Aralia,8VV5X,Aralia racemosa,G4X9,
4W2LJ,Scutellaria serrata Andrews,4W2LJ,Scutellaria serrata Andrews,5,SPECIES,ACCEPTED,Plantae,P,Tracheophyta,TP,Magnoliopsida,MG,Lamiales,3F4,Lamiaceae,PR82T,Scutellaria,8W3H6,Scutellaria serrata,4W2LJ,
4C9MC,Panax quinquefolius L.,4C9MC,Panax quinquefolius L.,4,SPECIES,ACCEPTED,Plantae,P,Tracheophyta,TP,Magnoliopsida,MG,Apiales,B7VXH,Araliaceae,B7VYB,Panax,8W23M,Panax quinquefolius,4C9MC,
3F5B8,Galium aparine L.,3F5B8,Galium aparine L.,6,SPECIES,ACCEPTED,Plantae,P,Tracheophyta,TP,Magnoliopsida,MG,Gentianales,39D,Rubiaceae,SGJN5,Galium,8VXRS,Galium aparine,3F5B8,
4Y7BT,Solidago juncea Aiton,4Y7BT,Solidago juncea Aiton,2,SPECIES,ACCEPTED,Plantae,P,Tracheophyta,TP,Magnoliopsida,MG,Asterales,ST,Asteraceae,622TP,Solidago,7JH2,Solidago juncea,4Y7BT,
W6WV,Clinopodium vulgare L.,W6WV,Clinopodium vulgare L.,2,SPECIES,ACCEPTED,Plantae,P,Tracheophyta,TP,Magnoliopsida,MG,Lamiales,3F4,Lamiaceae,PR82T,Clinopodium,8VWBG,Clinopodium vulgare,W6WV,
7NHK7,Malus pumila Mill.,7NHJZ,Malus domestica (Suckow) Borkh.,1,SPECIES,SYNONYM,Plantae,P,Tracheophyta,TP,Magnoliopsida,MG,Rosales,3Z6,Rosaceae,FTK,Malus,5KQ9,Malus domestica,7NHJZ,
3F6N3,Galium triflorum Michx.,3F6N3,Galium triflorum Michx.,8,SPECIES,ACCEPTED,Plantae,P,Tracheophyta,TP,Magnoliopsida,MG,Gentianales,39D,Rubiaceae,SGJN5,Galium,8VXRS,Galium triflorum,3F6N3,LC
4V5VH,Sceptridium dissectum (Spreng.) Lyon,4V5VH,Sceptridium dissectum (Spreng.) Lyon,2,SPECIES,ACCEPTED,Plantae,P,Tracheophyta,TP,Polypodiopsida,GV,Ophioglossales,623DM,Ophioglossaceae,KT8B2,Sceptridium,643BW,Sceptridium dissectum,4V5VH,
B3J92,Osmorhiza claytonii (Michx.) C.B.Clarke,B3J92,Osmorhiza claytonii (Michx.) C.B.Clarke,6,SPECIES,ACCEPTED,Plantae,P,Tracheophyta,TP,Magnoliopsida,MG,Apiales,B7VXH,Apiaceae,6KC,Osmorhiza,63GPW,Osmorhiza claytonii,B3J92,
3G6WF,Glechoma hederacea L.,3G6WF,Glechoma hederacea L.,8,SPECIES,ACCEPTED,Plantae,P,Tracheophyta,TP,Magnoliopsida,MG,Lamiales,3F4,Lamiaceae,PR82T,Glechoma,8VXW5,Glechoma hederacea,3G6WF,
7F83V,Uvularia perfoliata L.,7F83V,Uvularia perfoliata L.,10,SPECIES,ACCEPTED,Plantae,P,Tracheophyta,TP,Liliopsida,L2L,Liliales,623DL,Colchicaceae,8F4,Uvularia,8W4JY,Uvularia perfoliata,7F83V,
6KDTP,Geranium maculatum L.,6KDTP,Geranium maculatum L.,11,SPECIES,ACCEPTED,Plantae,P,Tracheophyta,TP,Magnoliopsida,MG,Geraniales,39J,Geraniaceae,623GK,Geranium,4N5F,Geranium maculatum,6KDTP,
B7HT,Agrimonia rostellata Wallr.,B7HT,Agrimonia rostellata Wallr.,2,SPECIES,ACCEPTED,Plantae,P,Tracheophyta,TP,Magnoliopsida,MG,Rosales,3Z6,Rosaceae,FTK,Agrimonia,QXS,Agrimonia rostellata,B7HT,
5BGM3,Viola cucullata Aiton,5BGM3,Viola cucullata Aiton,6,SPECIES,ACCEPTED,Plantae,P,Tracheophyta,TP,Magnoliopsida,MG,Malpighiales,MLP,Violaceae,6272Z,Viola,86VM,Viola cucullata,5BGM3,LC
57LHS,Toxicodendron radicans (L.) Kuntze,57LHS,Toxicodendron radicans (L.) Kuntze,3,SPECIES,ACCEPTED,Plantae,P,Tracheophyta,TP,Magnoliopsida,MG,Sapindales,3ZY,Anacardiaceae,6CK,Toxicodendron,7Y43,Toxicodendron radicans,57LHS,LC
B9ZBH,Ophioglossum pycnostichum (Fernald) Á.Löve & D.Löve,5JZZH,Ophioglossum vulgatum subsp. vulgatum,2,SPECIES,SYNONYM,Plantae,P,Tracheophyta,TP,Polypodiopsida,GV,Ophioglossales,623DM,Ophioglossaceae,KT8B2,Ophioglossum,68T2,Ophioglossum vulgatum,49XBM,
H6MZ,Asclepias quadrifolia Jacq.,H6MZ,Asclepias quadrifolia Jacq.,4,SPECIES,ACCEPTED,Plantae,P,Tracheophyta,TP,Magnoliopsida,MG,Gentianales,39D,Apocynaceae,6L2,Asclepias,33PC,Asclepias quadrifolia,H6MZ,
6TJ3V,Packera aurea (L.) Á.Löve & D.Löve,6TJ3V,Packera aurea (L.) Á.Löve & D.Löve,4,SPECIES,ACCEPTED,Plantae,P,Tracheophyta,TP,Magnoliopsida,MG,Asterales,ST,Asteraceae,622TP,Packera,6C5T,Packera aurea,6TJ3V,
3QRSG,Juglans cinerea L.,3QRSG,Juglans cinerea L.,3,SPECIES,ACCEPTED,Plantae,P,Tracheophyta,TP,Magnoliopsida,MG,Fagales,384,Juglandaceae,BJB,Juglans,56VV,Juglans cinerea,3QRSG,EN
6TBXB,Osmunda regalis L.,6TBXB,Osmunda regalis L.,5,SPECIES,ACCEPTED,Plantae,P,Tracheophyta,TP,Polypodiopsida,GV,Osmundales,3QG,Osmundaceae,626HS,Osmunda,63H28,Osmunda regalis,6TBXB,LC
69BF9,Carex laxiflora Lam.,69BF9,Carex laxiflora Lam.,2,SPECIES,ACCEPTED,Plantae,P,Tracheophyta,TP,Liliopsida,L2L,Poales,627VM,Cyperaceae,8W5,Carex,8VRHY,Carex laxiflora,69BF9,
6626F,Agastache nepetoides (L.) Kuntze,6626F,Agastache nepetoides (L.) Kuntze,2,SPECIES,ACCEPTED,Plantae,P,Tracheophyta,TP,Magnoliopsida,MG,Lamiales,3F4,Lamiaceae,PR82T,Agastache,8VTF7,Agastache nepetoides,6626F,
4TL9N,Rubus phoenicolasius Maxim.,4TL9N,Rubus phoenicolasius Maxim.,17,SPECIES,ACCEPTED,Plantae,P,Tracheophyta,TP,Magnoliopsida,MG,Rosales,3Z6,Rosaceae,FTK,Rubus,643JJ,Rubus phoenicolasius,4TL9N,
3RT52,Lactuca floridana (L.) Gaertn.,3RT52,Lactuca floridana (L.) Gaertn.,2,SPECIES,ACCEPTED,Plantae,P,Tracheophyta,TP,Magnoliopsida,MG,Asterales,ST,Asteraceae,622TP,Lactuca,7NF36,Lactuca floridana,3RT52,
3F5K9,Galium concinnum Torr. & A.Gray,3F5K9,Galium concinnum Torr. & A.Gray,6,SPECIES,ACCEPTED,Plantae,P,Tracheophyta,TP,Magnoliopsida,MG,Gentianales,39D,Rubiaceae,SGJN5,Galium,8VXRS,Galium concinnum,3F5K9,
87BVH,Borodinia laevigata (Muhl. ex Willd.) P.J.Alexander & Windham,87BVH,Borodinia laevigata (Muhl. ex Willd.) P.J.Alexander & Windham,6,SPECIES,ACCEPTED,Plantae,P,Tracheophyta,TP,Magnoliopsida,MG,Capparales,V5D96,Brassicaceae,C6GCC,Borodinia,C6JDN,Borodinia laevigata,87BVH,
35KM5,Dichanthelium boscii (Poir.) Gould & C.A.Clark,35KM5,Dichanthelium boscii (Poir.) Gould & C.A.Clark,4,SPECIES,ACCEPTED,Plantae,P,Tracheophyta,TP,Liliopsida,L2L,Poales,627VM,Poaceae,627FW,Dichanthelium,8VWWG,Dichanthelium boscii,35KM5,
37W7V,Dryopteris cristata (L.) A.Gray,37W7V,Dryopteris cristata (L.) A.Gray,8,SPECIES,ACCEPTED,Plantae,P,Tracheophyta,TP,Polypodiopsida,GV,Polypodiales,3VL,Dryopteridaceae,9H9,Dryopteris,48JM,Dryopteris cristata,37W7V,
3JZ24,Hedeoma pulegioides (L.) Pers.,3JZ24,Hedeoma pulegioides (L.) Pers.,6,SPECIES,ACCEPTED,Plantae,P,Tracheophyta,TP,Magnoliopsida,MG,Lamiales,3F4,Lamiaceae,PR82T,Hedeoma,8VY4T,Hedeoma pulegioides,3JZ24,
59HM6,Tsuga canadensis (L.) Carrière,59HM6,Tsuga canadensis (L.) Carrière,2,SPECIES,ACCEPTED,Plantae,P,Tracheophyta,TP,Pinopsida,C7ZVJ,Pinales,C7ZVH,Pinaceae,C7ZVG,Tsuga,C85JP,Tsuga canadensis,59HM6,NT
8VVRP,Bromus L.,8VVRP,Bromus L.,4,GENUS,ACCEPTED,Plantae,P,Tracheophyta,TP,Liliopsida,L2L,Poales,627VM,Poaceae,627FW,Bromus,8VVRP,,,
5Y495,Chimaphila maculata (L.) Pursh,5Y495,Chimaphila maculata (L.) Pursh,8,SPECIES,ACCEPTED,Plantae,P,Tracheophyta,TP,Magnoliopsida,MG,Ericales,625QY,Ericaceae,623P8,Chimaphila,3N66,Chimaphila maculata,5Y495,
6NHW6,Juniperus virginiana L.,6NHW6,Juniperus virginiana L.,4,SPECIES,ACCEPTED,Plantae,P,Tracheophyta,TP,Pinopsida,C7ZVJ,Cupressales,C6VNT,Cupressaceae,C6N4C,Juniperus,C7HCB,Juniperus virginiana,6NHW6,LC
6BYZW,Dactylis glomerata L.,6BYZW,Dactylis glomerata L.,5,SPECIES,ACCEPTED,Plantae,P,Tracheophyta,TP,Liliopsida,L2L,Poales,627VM,Poaceae,627FW,Dactylis,8VWQ7,Dactylis glomerata,6BYZW,
58TX7,Trillium cernuum L.,58TX7,Trillium cernuum L.,9,SPECIES,ACCEPTED,Plantae,P,Tracheophyta,TP,Liliopsida,L2L,Liliales,623DL,Melanthiaceae,CK6,Trillium,8W4DF,Trillium cernuum,58TX7,LC
QB5P,Campanula divaricata Michx.,QB5P,Campanula divaricata Michx.,2,SPECIES,ACCEPTED,Plantae,P,Tracheophyta,TP,Magnoliopsida,MG,Asterales,ST,Campanulaceae,LZZSM,Campanula,8VR3V,Campanula divaricata,QB5P,
RBFS,Carex radiata (Wahlenb.) Small,RBFS,Carex radiata (Wahlenb.) Small,6,SPECIES,ACCEPTED,Plantae,P,Tracheophyta,TP,Liliopsida,L2L,Poales,627VM,Cyperaceae,8W5,Carex,8VRHY,Carex radiata,RBFS,
6P8L5,Leonurus cardiaca L.,6P8L5,Leonurus cardiaca L.,11,SPECIES,ACCEPTED,Plantae,P,Tracheophyta,TP,Magnoliopsida,MG,Lamiales,3F4,Lamiaceae,PR82T,Leonurus,8VYSL,Leonurus cardiaca,6P8L5,
4F9W9,Persicaria posumbu (Buch.-Ham. ex D.Don) H.Gross,4F9W9,Persicaria posumbu (Buch.-Ham. ex D.Don) H.Gross,3,SPECIES,ACCEPTED,Plantae,P,Tracheophyta,TP,Magnoliopsida,MG,Caryophyllales,VW,Polygonaceae,627KD,Persicaria,6LSN,Persicaria posumbu,4F9W9,
66C63,Amianthium muscitoxicum (Walter) A.Gray,66C63,Amianthium muscitoxicum (Walter) A.Gray,6,SPECIES,ACCEPTED,Plantae,P,Tracheophyta,TP,Liliopsida,L2L,Liliales,623DL,Melanthiaceae,CK6,Amianthium,8VTNT,Amianthium muscitoxicum,66C63,
6HKJT,Eutrochium purpureum (L.) E.E.Lamont,6HKJT,Eutrochium purpureum (L.) E.E.Lamont,3,SPECIES,ACCEPTED,Plantae,P,Tracheophyta,TP,Magnoliopsida,MG,Asterales,ST,Asteraceae,622TP,Eutrochium,634Y2,Eutrochium purpureum,6HKJT,
45JD2,Nabalus albus (L.) Hook.,45JD2,Nabalus albus (L.) Hook.,4,SPECIES,ACCEPTED,Plantae,P,Tracheophyta,TP,Magnoliopsida,MG,Asterales,ST,Asteraceae,622TP,Nabalus,5WYN,Nabalus albus,45JD2,
R4KL,Cardamine parviflora L.,R4KL,Cardamine parviflora L.,6,SPECIES,ACCEPTED,Plantae,P,Tracheophyta,TP,Magnoliopsida,MG,Capparales,V5D96,Brassicaceae,C6GCC,Cardamine,C6K8G,Cardamine parviflora,R4KL,
5Z5MM,Chrysosplenium americanum Schwein. ex Hook.,5Z5MM,Chrysosplenium americanum Schwein. ex Hook.,9,SPECIES,ACCEPTED,Plantae,P,Tracheophyta,TP,Magnoliopsida,MG,Saxifragales,424,Saxifragaceae,6278B,Chrysosplenium,3PLW,Chrysosplenium americanum,5Z5MM,LC
6NY5X,Lapsana communis L.,6NY5X,Lapsana communis L.,6,SPECIES,ACCEPTED,Plantae,P,Tracheophyta,TP,Magnoliopsida,MG,Asterales,ST,Asteraceae,622TP,Lapsana,62XBN,Lapsana communis,6NY5X,
45JDY,Nabalus trifoliolatus Cass.,45JDY,Nabalus trifoliolatus Cass.,2,SPECIES,ACCEPTED,Plantae,P,Tracheophyta,TP,Magnoliopsida,MG,Asterales,ST,Asteraceae,622TP,Nabalus,5WYN,Nabalus trifoliolatus,45JDY,
564N6,Thaspium barbinode (Michx.) Nutt.,564N6,Thaspium barbinode (Michx.) Nutt.,4,SPECIES,ACCEPTED,Plantae,P,Tracheophyta,TP,Magnoliopsida,MG,Apiales,B7VXH,Apiaceae,6KC,Thaspium,7VBD,Thaspium barbinode,564N6,
74RRV,Oplismenus hirtellus (L.) P.Beauv.,74RRV,Oplismenus hirtellus (L.) P.Beauv.,2,SPECIES,ACCEPTED,Plantae,P,Tracheophyta,TP,Liliopsida,L2L,Poales,627VM,Poaceae,627FW,Oplismenus,8VZX2,Oplismenus hirtellus,74RRV,
44284,Monarda clinopodia L.,44284,Monarda clinopodia L.,2,SPECIES,ACCEPTED,Plantae,P,Tracheophyta,TP,Magnoliopsida,MG,Lamiales,3F4,Lamiaceae,PR82T,Monarda,8VZG8,Monarda clinopodia,44284,
33J4F,Cypripedium calceolus L.,33J4F,Cypripedium calceolus L.,4,SPECIES,ACCEPTED,Plantae,P,Tracheophyta,TP,Liliopsida,L2L,Asparagales,SP,Orchidaceae,DPL,Cypripedium,8VWPC,Cypripedium calceolus,33J4F,LC
R9GJ,Carex gracilenta Boott ex Boeckeler,R9GJ,Carex gracilenta Boott ex Boeckeler,1,SPECIES,ACCEPTED,Plantae,P,Tracheophyta,TP,Liliopsida,L2L,Poales,627VM,Cyperaceae,8W5,Carex,8VRHY,Carex gracilenta,R9GJ,
4F9X4,Persicaria sagittata (L.) H.Gross,4F9X4,Persicaria sagittata (L.) H.Gross,4,SPECIES,ACCEPTED,Plantae,P,Tracheophyta,TP,Magnoliopsida,MG,Caryophyllales,VW,Polygonaceae,627KD,Persicaria,6LSN,Persicaria sagittata,4F9X4,LC
6TB4T,Osmorhiza longistylis (Torr.) DC.,6TB4T,Osmorhiza longistylis (Torr.) DC.,9,SPECIES,ACCEPTED,Plantae,P,Tracheophyta,TP,Magnoliopsida,MG,Apiales,B7VXH,Apiaceae,6KC,Osmorhiza,63GPW,Osmorhiza longistylis,6TB4T,
5BCYC,Vicia tetrasperma (L.) Schreb.,5BCYC,Vicia tetrasperma (L.) Schreb.,4,SPECIES,ACCEPTED,Plantae,P,Tracheophyta,TP,Magnoliopsida,MG,Fabales,383,Fabaceae,623QT,Vicia,9CMDW,Vicia tetrasperma,5BCYC,
8W6KX,Aplectrum hyemale (Muhl. ex Willd.) Torr.,8W6KX,Aplectrum hyemale (Muhl. ex Willd.) Torr.,7,SPECIES,ACCEPTED,Plantae,P,Tracheophyta,TP,Liliopsida,L2L,Asparagales,SP,Orchidaceae,DPL,Aplectrum,8VV34,Aplectrum hyemale,8W6KX,
Q4PM,Caltha palustris L.,Q4PM,Caltha palustris L.,7,SPECIES,ACCEPTED,Plantae,P,Tracheophyta,TP,Magnoliopsida,MG,Ranunculales,3XS,Ranunculaceae,FJR,Caltha,3G2B,Caltha palustris,Q4PM,LC
YGGV,Cornus alternifolia L.fil.,YGGV,Cornus alternifolia L.fil.,6,SPECIES,ACCEPTED,Plantae,P,Tracheophyta,TP,Magnoliopsida,MG,Cornales,ZT,Cornaceae,M2QBC,Cornus,8VWH2,Cornus alternifolia,YGGV,LC
7FNKC,Veratrum viride Aiton,7FNKC,Veratrum viride Aiton,10,SPECIES,ACCEPTED,Plantae,P,Tracheophyta,TP,Liliopsida,L2L,Liliales,623DL,Melanthiaceae,CK6,Veratrum,8W4LD,Veratrum viride,7FNKC,
3K5VQ,Helianthus divaricatus L.,3K5VQ,Helianthus divaricatus L.,4,SPECIES,ACCEPTED,Plantae,P,Tracheophyta,TP,Magnoliopsida,MG,Asterales,ST,Asteraceae,622TP,Helianthus,62TKF,Helianthus divaricatus,3K5VQ,LC
3P245,Hypoxis hirsuta (L.) Coville,3P245,Hypoxis hirsuta (L.) Coville,6,SPECIES,ACCEPTED,Plantae,P,Tracheophyta,TP,Liliopsida,L2L,Asparagales,SP,Hypoxidaceae,BBT,Hypoxis,8VYGC,Hypoxis hirsuta,3P245,
3KVY8,Hepatica americana (DC.) Ker Gawl.,3KVY8,Hepatica americana (DC.) Ker Gawl.,14,SPECIES,ACCEPTED,Plantae,P,Tracheophyta,TP,Magnoliopsida,MG,Ranunculales,3XS,Ranunculaceae,FJR,Hepatica,4VMW,Hepatica americana,3KVY8,
B9DBN,Dennstaedtia punctilobula (Michx.) T.Moore,BTSPD,Sitobolium punctilobulum (Michx.) Desv.,4,SPECIES,SYNONYM,Plantae,P,Tracheophyta,TP,Polypodiopsida,GV,Polypodiales,3VL,Dennstaedtiaceae,946,Sitobolium,BC6RL,Sitobolium punctilobulum,BTSPD,
78VDB,Ribes rotundifolium Michx.,78VDB,Ribes rotundifolium Michx.,2,SPECIES,ACCEPTED,Plantae,P,Tracheophyta,TP,Magnoliopsida,MG,Saxifragales,424,Grossulariaceae,625DC,Ribes,79VF,Ribes rotundifolium,78VDB,
4HT3S,Pilea pumila (L.) A.Gray,4HT3S,Pilea pumila (L.) A.Gray,6,SPECIES,ACCEPTED,Plantae,P,Tracheophyta,TP,Magnoliopsida,MG,Rosales,3Z6,Urticaceae,HQS,Pilea,63MFN,Pilea pumila,4HT3S,
79JB8,Sanicula canadensis L.,79JB8,Sanicula canadensis L.,6,SPECIES,ACCEPTED,Plantae,P,Tracheophyta,TP,Magnoliopsida,MG,Apiales,B7VXH,Apiaceae,6KC,Sanicula,7C7R,Sanicula canadensis,79JB8,
4TL3H,Rubus occidentalis L.,4TL3H,Rubus occidentalis L.,9,SPECIES,ACCEPTED,Plantae,P,Tracheophyta,TP,Magnoliopsida,MG,Rosales,3Z6,Rosaceae,FTK,Rubus,643JJ,Rubus occidentalis,4TL3H,
3F5Y2,Galium lanceolatum (Torr. & A.Gray) Torr.,VFFDD,Trichogalium lanceolatum (Torr. & A.Gray) Kadereit & Schneew.,6,SPECIES,SYNONYM,Plantae,P,Tracheophyta,TP,Magnoliopsida,MG,Gentianales,39D,Rubiaceae,SGJN5,Trichogalium,8WLMD,Trichogalium lanceolatum,VFFDD,
5BCDG,Viburnum recognitum Fernald,5BCDG,Viburnum recognitum Fernald,4,SPECIES,ACCEPTED,Plantae,P,Tracheophyta,TP,Magnoliopsida,MG,Dipsacales,35C,Viburnaceae,HTT,Viburnum,86MY,Viburnum recognitum,5BCDG,LC
H6DB,Asclepias exaltata L.,H6DB,Asclepias exaltata L.,4,SPECIES,ACCEPTED,Plantae,P,Tracheophyta,TP,Magnoliopsida,MG,Gentianales,39D,Apocynaceae,6L2,Asclepias,33PC,Asclepias exaltata,H6DB,LC
DQ4P,Andersonglossum virginianum (L.) J.I.Cohen,DQ4P,Andersonglossum virginianum (L.) J.I.Cohen,9,SPECIES,ACCEPTED,Plantae,P,Tracheophyta,TP,Magnoliopsida,MG,Boraginales,TW,Boraginaceae,622G7,Andersonglossum,VPS,Andersonglossum virginianum,DQ4P,
3LFPF,Heuchera americana L.,3LFPF,Heuchera americana L.,4,SPECIES,ACCEPTED,Plantae,P,Tracheophyta,TP,Magnoliopsida,MG,Saxifragales,424,Saxifragaceae,6278B,Heuchera,4WWF,Heuchera americana,3LFPF,
4KR3V,Podophyllum peltatum L.,4KR3V,Podophyllum peltatum L.,15,SPECIES,ACCEPTED,Plantae,P,Tracheophyta,TP,Magnoliopsida,MG,Ranunculales,3XS,Berberidaceae,76G,Podophyllum,63NLM,Podophyllum peltatum,4KR3V,LC
94GR,Acer pensylvanicum L.,94GR,Acer pensylvanicum L.,4,SPECIES,ACCEPTED,Plantae,P,Tracheophyta,TP,Magnoliopsida,MG,Sapindales,3ZY,Sapindaceae,FY3,Acer,MLD,Acer pensylvanicum,94GR,LC
67TV7,Asimina triloba (L.) Dunal,67TV7,Asimina triloba (L.) Dunal,9,SPECIES,ACCEPTED,Plantae,P,Tracheophyta,TP,Magnoliopsida,MG,Magnoliales,3HL,Annonaceae,C66JZ,Asimina,C6FDH,Asimina triloba,67TV7,LC
3MR4K,Houstonia longifolia Gaertn.,3MR4K,Houstonia longifolia Gaertn.,12,SPECIES,ACCEPTED,Plantae,P,Tracheophyta,TP,Magnoliopsida,MG,Gentianales,39D,Rubiaceae,SGJN5,Houstonia,9JKQH,Houstonia longifolia,3MR4K,
6PRGY,Lespedeza procumbens Michx.,6PRGY,Lespedeza procumbens Michx.,2,SPECIES,ACCEPTED,Plantae,P,Tracheophyta,TP,Magnoliopsida,MG,Fabales,383,Fabaceae,623QT,Lespedeza,9CL6Z,Lespedeza procumbens,6PRGY,
L28HS,Ilex opaca Aiton,L28HS,Ilex opaca Aiton,4,SPECIES,ACCEPTED,Plantae,P,Tracheophyta,TP,Magnoliopsida,MG,Aquifoliales,QG,Aquifoliaceae,6LY,Ilex,62WJ5,Ilex opaca,L28HS,LC
44JMP,Muhlenbergia schreberi J.F.Gmel.,44JMP,Muhlenbergia schreberi J.F.Gmel.,4,SPECIES,ACCEPTED,Plantae,P,Tracheophyta,TP,Liliopsida,L2L,Poales,627VM,Poaceae,627FW,Muhlenbergia,8VZHY,Muhlenbergia schreberi,44JMP,
8W23T,Panicum L.,8W23T,Panicum L.,4,GENUS,ACCEPTED,Plantae,P,Tracheophyta,TP,Liliopsida,L2L,Poales,627VM,Poaceae,627FW,Panicum,8W23T,,,
653LD,Adiantum pedatum L.,653LD,Adiantum pedatum L.,7,SPECIES,ACCEPTED,Plantae,P,Tracheophyta,TP,Polypodiopsida,GV,Polypodiales,3VL,Pteridaceae,FCF,Adiantum,P9F,Adiantum pedatum,653LD,
4XWSR,Smilax rotundifolia L.,4XWSR,Smilax rotundifolia L.,4,SPECIES,ACCEPTED,Plantae,P,Tracheophyta,TP,Liliopsida,L2L,Liliales,623DL,Smilacaceae,GCL,Smilax,8W3MJ,Smilax rotundifolia,4XWSR,
7G3RW,Viola pubescens Aiton,7G3RW,Viola pubescens Aiton,9,SPECIES,ACCEPTED,Plantae,P,Tracheophyta,TP,Magnoliopsida,MG,Malpighiales,MLP,Violaceae,6272Z,Viola,86VM,Viola pubescens,7G3RW,
8VXRS,Galium L.,8VXRS,Galium L.,2,GENUS,ACCEPTED,Plantae,P,Tracheophyta,TP,Magnoliopsida,MG,Gentianales,39D,Rubiaceae,SGJN5,Galium,8VXRS,,,
9KGVL,Mimulus alatus Aiton,9KGVL,Mimulus alatus Aiton,6,SPECIES,ACCEPTED,Plantae,P,Tracheophyta,TP,Magnoliopsida,MG,Lamiales,3F4,Phrymaceae,625ZW,Mimulus,5T9B,Mimulus alatus,9KGVL,LC
4GVQH,Phryma leptostachya L.,4GVQH,Phryma leptostachya L.,6,SPECIES,ACCEPTED,Plantae,P,Tracheophyta,TP,Magnoliopsida,MG,Lamiales,3F4,Phrymaceae,625ZW,Phryma,6PBG,Phryma leptostachya,4GVQH,
48JM,Dryopteris Adans.,48JM,Dryopteris Adans.,4,GENUS,ACCEPTED,Plantae,P,Tracheophyta,TP,Polypodiopsida,GV,Polypodiales,3VL,Dryopteridaceae,9H9,Dryopteris,48JM,,,
39DXS,Elymus macgregorii R.E.Brooks & J.J.N.Campb.,39DXS,Elymus macgregorii R.E.Brooks & J.J.N.Campb.,2,SPECIES,ACCEPTED,Plantae,P,Tracheophyta,TP,Liliopsida,L2L,Poales,627VM,Poaceae,627FW,Elymus,8VXB4,Elymus macgregorii,39DXS,
B7HP,Agrimonia pubescens Wallr.,B7HP,Agrimonia pubescens Wallr.,4,SPECIES,ACCEPTED,Plantae,P,Tracheophyta,TP,Magnoliopsida,MG,Rosales,3Z6,Rosaceae,FTK,Agrimonia,QXS,Agrimonia pubescens,B7HP,
68K9V,Betula lenta L.,68K9V,Betula lenta L.,2,SPECIES,ACCEPTED,Plantae,P,Tracheophyta,TP,Magnoliopsida,MG,Fagales,384,Betulaceae,LWT55,Betula,8VVK7,Betula lenta,68K9V,LC
4N8DF,Prunella vulgaris L.,4N8DF,Prunella vulgaris L.,4,SPECIES,ACCEPTED,Plantae,P,Tracheophyta,TP,Magnoliopsida,MG,Lamiales,3F4,Lamiaceae,PR82T,Prunella,8W2QN,Prunella vulgaris,4N8DF,LC
YQ5H,Corylus cornuta Marshall,YQ5H,Corylus cornuta Marshall,4,SPECIES,ACCEPTED,Plantae,P,Tracheophyta,TP,Magnoliopsida,MG,Fagales,384,Betulaceae,LWT55,Corylus,8VWHC,Corylus cornuta,YQ5H,LC
4M5GT,Potentilla indica (Andrews) Th.Wolf,4M5GT,Potentilla indica (Andrews) Th.Wolf,10,SPECIES,ACCEPTED,Plantae,P,Tracheophyta,TP,Magnoliopsida,MG,Rosales,3Z6,Rosaceae,FTK,Potentilla,6V7H,Potentilla indica,4M5GT,
86VM,Viola L.,86VM,Viola L.,2,GENUS,ACCEPTED,Plantae,P,Tracheophyta,TP,Magnoliopsida,MG,Malpighiales,MLP,Violaceae,6272Z,Viola,86VM,,,
M7X7K,Bromus pubescens Spreng.,M7X7K,Bromus pubescens Spreng.,6,SPECIES,ACCEPTED,Plantae,P,Tracheophyta,TP,Liliopsida,L2L,Poales,627VM,Poaceae,627FW,Bromus,8VVRP,Bromus pubescens,M7X7K,
4F9YZ,Persicaria virginiana (L.) Gaertn.,4F9YZ,Persicaria virginiana (L.) Gaertn.,5,SPECIES,ACCEPTED,Plantae,P,Tracheophyta,TP,Magnoliopsida,MG,Caryophyllales,VW,Polygonaceae,627KD,Persicaria,6LSN,Persicaria virginiana,4F9YZ,
3LV8J,Hieracium venosum L.,3LV8J,Hieracium venosum L.,6,SPECIES,ACCEPTED,Plantae,P,Tracheophyta,TP,Magnoliopsida,MG,Asterales,ST,Asteraceae,622TP,Hieracium,4X5R,Hieracium venosum,3LV8J,
6Z3VM,Smilax glauca Walter,6Z3VM,Smilax glauca Walter,2,SPECIES,ACCEPTED,Plantae,P,Tracheophyta,TP,Liliopsida,L2L,Liliales,623DL,Smilacaceae,GCL,Smilax,8W3MJ,Smilax glauca,6Z3VM,
VFR9,Circaea lutetiana L.,VFR9,Circaea lutetiana L.,7,SPECIES,ACCEPTED,Plantae,P,Tracheophyta,TP,Magnoliopsida,MG,Myrtales,3LY,Onagraceae,DL8,Circaea,3Q3C,Circaea lutetiana,VFR9,
4TPTF,Rumex obtusifolius L.,4TPTF,Rumex obtusifolius L.,4,SPECIES,ACCEPTED,Plantae,P,Tracheophyta,TP,Magnoliopsida,MG,Caryophyllales,VW,Polygonaceae,627KD,Rumex,7B4R,Rumex obtusifolius,4TPTF,
4RGK9,Ranunculus hispidus Michx.,4RGK9,Ranunculus hispidus Michx.,6,SPECIES,ACCEPTED,Plantae,P,Tracheophyta,TP,Magnoliopsida,MG,Ranunculales,3XS,Ranunculaceae,FJR,Ranunculus,774N,Ranunculus hispidus,4RGK9,LC
5626B,Thalictrum coriaceum (Britton) Small ex Small & Vail,5626B,Thalictrum coriaceum (Britton) Small ex Small & Vail,2,SPECIES,ACCEPTED,Plantae,P,Tracheophyta,TP,Magnoliopsida,MG,Ranunculales,3XS,Ranunculaceae,FJR,Thalictrum,7V6B,Thalictrum coriaceum,5626B,
BTPF,Alliaria petiolata (M.Bieb.) Cavara & Grande,BTPF,Alliaria petiolata (M.Bieb.) Cavara & Grande,16,SPECIES,ACCEPTED,Plantae,P,Tracheophyta,TP,Magnoliopsida,MG,Capparales,V5D96,Brassicaceae,C6GCC,Alliaria,C664H,Alliaria petiolata,BTPF,
3NQ36,Hypericum punctatum Lam.,3NQ36,Hypericum punctatum Lam.,5,SPECIES,ACCEPTED,Plantae,P,Tracheophyta,TP,Magnoliopsida,MG,Malpighiales,MLP,Hypericaceae,6257N,Hypericum,6372V,Hypericum punctatum,3NQ36,
72TB7,Maianthemum racemosum (L.) Link,72TB7,Maianthemum racemosum (L.) Link,12,SPECIES,ACCEPTED,Plantae,P,Tracheophyta,TP,Liliopsida,L2L,Asparagales,SP,Asparagaceae,6T3,Maianthemum,8VZ4P,Maianthemum racemosum,72TB7,
4LHCF,Polypodium virginianum L.,4LHCF,Polypodium virginianum L.,4,SPECIES,ACCEPTED,Plantae,P,Tracheophyta,TP,Polypodiopsida,GV,Polypodiales,3VL,Polypodiaceae,627JZ,Polypodium,63MZ9,Polypodium virginianum,4LHCF,
7F83T,Uvularia sessilifolia L.,7F83T,Uvularia sessilifolia L.,2,SPECIES,ACCEPTED,Plantae,P,Tracheophyta,TP,Liliopsida,L2L,Liliales,623DL,Colchicaceae,8F4,Uvularia,8W4JY,Uvularia sessilifolia,7F83T,
4N9B5,Prunus virginiana L.,4N9B5,Prunus virginiana L.,6,SPECIES,ACCEPTED,Plantae,P,Tracheophyta,TP,Magnoliopsida,MG,Rosales,3Z6,Rosaceae,FTK,Prunus,6Y6H,Prunus virginiana,4N9B5,LC
7F8SC,Vaccinium stamineum L.,7F8SC,Vaccinium stamineum L.,4,SPECIES,ACCEPTED,Plantae,P,Tracheophyta,TP,Magnoliopsida,MG,Ericales,625QY,Ericaceae,623P8,Vaccinium,85LF,Vaccinium stamineum,7F8SC,
6JN3T,Fraxinus americana L.,6JN3T,Fraxinus americana L.,7,SPECIES,ACCEPTED,Plantae,P,Tracheophyta,TP,Magnoliopsida,MG,Lamiales,3F4,Oleaceae,QRMLH,Fraxinus,8VXQ9,Fraxinus americana,6JN3T,CR
5XBCK,Carex laevivaginata (Kük.) Mack.,5XBCK,Carex laevivaginata (Kük.) Mack.,2,SPECIES,ACCEPTED,Plantae,P,Tracheophyta,TP,Liliopsida,L2L,Poales,627VM,Cyperaceae,8W5,Carex,8VRHY,Carex laevivaginata,5XBCK,LC
4Y76C,Solidago bicolor L.,4Y76C,Solidago bicolor L.,2,SPECIES,ACCEPTED,Plantae,P,Tracheophyta,TP,Magnoliopsida,MG,Asterales,ST,Asteraceae,622TP,Solidago,7JH2,Solidago bicolor,4Y76C,
8VRHY,Carex L.,8VRHY,Carex L.,2,GENUS,ACCEPTED,Plantae,P,Tracheophyta,TP,Liliopsida,L2L,Poales,627VM,Cyperaceae,8W5,Carex,8VRHY,,,
63NFC,Polygonum L.,63NFC,Polygonum L.,8,GENUS,ACCEPTED,Plantae,P,Tracheophyta,TP,Magnoliopsida,MG,Caryophyllales,VW,Polygonaceae,627KD,Polygonum,63NFC,,,
4TM7H,Rubus × pensilvanicus Poir.,4TM7H,Rubus × pensilvanicus Poir.,4,SPECIES,ACCEPTED,Plantae,P,Tracheophyta,TP,Magnoliopsida,MG,Rosales,3Z6,Rosaceae,FTK,Rubus,643JJ,Rubus pensilvanicus,4TM7H,
35KMR,Dichanthelium dichotomum (L.) Gould,35KMR,Dichanthelium dichotomum (L.) Gould,6,SPECIES,ACCEPTED,Plantae,P,Tracheophyta,TP,Liliopsida,L2L,Poales,627VM,Poaceae,627FW,Dichanthelium,8VWWG,Dichanthelium dichotomum,35KMR,
B3GQF,Cuscuta gronovii Willd. ex Schult.,B3GQF,Cuscuta gronovii Willd. ex Schult.,4,SPECIES,ACCEPTED,Plantae,P,Tracheophyta,TP,Magnoliopsida,MG,Solanales,43W,Convolvulaceae,8J9,Cuscuta,3XKC,Cuscuta gronovii,B3GQF,LC
79HDB,Sanguinaria canadensis L.,79HDB,Sanguinaria canadensis L.,14,SPECIES,ACCEPTED,Plantae,P,Tracheophyta,TP,Magnoliopsida,MG,Ranunculales,3XS,Papaveraceae,DX3,Sanguinaria,63RN9,Sanguinaria canadensis,79HDB,LC
5JZZH,Ophioglossum vulgatum subsp. vulgatum,5JZZH,Ophioglossum vulgatum subsp. vulgatum,2,SUBSPECIES,ACCEPTED,Plantae,P,Tracheophyta,TP,Polypodiopsida,GV,Ophioglossales,623DM,Ophioglossaceae,KT8B2,Ophioglossum,68T2,Ophioglossum vulgatum,49XBM,
53R6J,Symplocarpus foetidus (L.) Salisb. ex W.P.C.Barton,53R6J,Symplocarpus foetidus (L.) Salisb. ex W.P.C.Barton,11,SPECIES,ACCEPTED,Plantae,P,Tracheophyta,TP,Liliopsida,L2L,Alismatales,62287,Araceae,6M4,Symplocarpus,8W3X5,Symplocarpus foetidus,53R6J,LC
5Y5N5,Chionanthus virginicus L.,5Y5N5,Chionanthus virginicus L.,3,SPECIES,ACCEPTED,Plantae,P,Tracheophyta,TP,Magnoliopsida,MG,Lamiales,3F4,Oleaceae,QRMLH,Chionanthus,9JJ6Q,Chionanthus virginicus,5Y5N5,LC
8SHX,Acalypha virginica L.,8SHX,Acalypha virginica L.,4,SPECIES,ACCEPTED,Plantae,P,Tracheophyta,TP,Magnoliopsida,MG,Malpighiales,MLP,Euphorbiaceae,N7XM4,Acalypha,8VT5Y,Acalypha virginica,8SHX,
7R58N,Aristolochia serpentaria L.,7VL8H,Endodeca serpentaria (L.) Raf.,6,SPECIES,SYNONYM,Plantae,P,Tracheophyta,TP,Magnoliopsida,MG,Piperales,623FG,Aristolochiaceae,6QB,Endodeca,7PD7M,Endodeca serpentaria,7VL8H,
4XWHZ,Smilax herbacea L.,4XWHZ,Smilax herbacea L.,4,SPECIES,ACCEPTED,Plantae,P,Tracheophyta,TP,Liliopsida,L2L,Liliales,623DL,Smilacaceae,GCL,Smilax,8W3MJ,Smilax herbacea,4XWHZ,
4W27C,Scutellaria elliptica Muhl.,4W27C,Scutellaria elliptica Muhl.,5,SPECIES,ACCEPTED,Plantae,P,Tracheophyta,TP,Magnoliopsida,MG,Lamiales,3F4,Lamiaceae,PR82T,Scutellaria,8W3H6,Scutellaria elliptica,4W27C,
75GFB,Oxalis violacea L.,75GFB,Oxalis violacea L.,5,SPECIES,ACCEPTED,Plantae,P,Tracheophyta,TP,Magnoliopsida,MG,Oxalidales,3QP,Oxalidaceae,DSG,Oxalis,6B6T,Oxalis violacea,75GFB,
4DRKK,Paronychia canadensis (L.) Alph.Wood,4DRKK,Paronychia canadensis (L.) Alph.Wood,4,SPECIES,ACCEPTED,Plantae,P,Tracheophyta,TP,Magnoliopsida,MG,Caryophyllales,VW,Caryophyllaceae,7RZ,Paronychia,6J3Y,Paronychia canadensis,4DRKK,
9S4V,Actaea racemosa L.,9S4V,Actaea racemosa L.,5,SPECIES,ACCEPTED,Plantae,P,Tracheophyta,TP,Magnoliopsida,MG,Ranunculales,3XS,Ranunculaceae,FJR,Actaea,NLV,Actaea racemosa,9S4V,
4GFZQ,Phleum pratense L.,4GFZQ,Phleum pratense L.,1,SPECIES,ACCEPTED,Plantae,P,Tracheophyta,TP,Liliopsida,L2L,Poales,627VM,Poaceae,627FW,Phleum,8W2CD,Phleum pratense,4GFZQ,
4F9VX,Persicaria perfoliata (L.) H.Gross,4F9VX,Persicaria perfoliata (L.) H.Gross,8,SPECIES,ACCEPTED,Plantae,P,Tracheophyta,TP,Magnoliopsida,MG,Caryophyllales,VW,Polygonaceae,627KD,Persicaria,6LSN,Persicaria perfoliata,4F9VX,
BCBF,Ailanthus altissima (Mill.) Swingle,BCBF,Ailanthus altissima (Mill.) Swingle,15,SPECIES,ACCEPTED,Plantae,P,Tracheophyta,TP,Magnoliopsida,MG,Sapindales,3ZY,Simaroubaceae,6279Z,Ailanthus,R65,Ailanthus altissima,BCBF,LC
76TV9,Perilla frutescens (L.) Britton,76TV9,Perilla frutescens (L.) Britton,9,SPECIES,ACCEPTED,Plantae,P,Tracheophyta,TP,Magnoliopsida,MG,Lamiales,3F4,Lamiaceae,PR82T,Perilla,8W28Q,Perilla frutescens,76TV9,LC
S2YQ,Celastrus orbiculatus Thunb.,S2YQ,Celastrus orbiculatus Thunb.,2,SPECIES,ACCEPTED,Plantae,P,Tracheophyta,TP,Magnoliopsida,MG,Celastrales,W8,Celastraceae,622JV,Celastrus,3JYC,Celastrus orbiculatus,S2YQ,
39DVH,Elymus hystrix L.,39DVH,Elymus hystrix L.,4,SPECIES,ACCEPTED,Plantae,P,Tracheophyta,TP,Liliopsida,L2L,Poales,627VM,Poaceae,627FW,Elymus,8VXB4,Elymus hystrix,39DVH,
5BCD4,Viburnum prunifolium L.,5BCD4,Viburnum prunifolium L.,1,SPECIES,ACCEPTED,Plantae,P,Tracheophyta,TP,Magnoliopsida,MG,Dipsacales,35C,Viburnaceae,HTT,Viburnum,86MY,Viburnum prunifolium,5BCD4,LC
3N49Q,Hydrangea arborescens L.,3N49Q,Hydrangea arborescens L.,4,SPECIES,ACCEPTED,Plantae,P,Tracheophyta,TP,Magnoliopsida,MG,Cornales,ZT,Hydrangeaceae,B82,Hydrangea,L27TC,Hydrangea arborescens,3N49Q,
H4PS,Asarum canadense L.,H4PS,Asarum canadense L.,2,SPECIES,ACCEPTED,Plantae,P,Tracheophyta,TP,Magnoliopsida,MG,Piperales,623FG,Asaraceae,6RV,Asarum,33LL,Asarum canadense,H4PS,
3N8MM,Hydrophyllum virginianum L.,3N8MM,Hydrophyllum virginianum L.,6,SPECIES,ACCEPTED,Plantae,P,Tracheophyta,TP,Magnoliopsida,MG,Boraginales,TW,Hydrophyllaceae,B8V,Hydrophyllum,636MZ,Hydrophyllum virginianum,3N8MM,
3FY96,Geum canadense Jacq.,3FY96,Geum canadense Jacq.,9,SPECIES,ACCEPTED,Plantae,P,Tracheophyta,TP,Magnoliopsida,MG,Rosales,3Z6,Rosaceae,FTK,Geum,6356B,Geum canadense,3FY96,
4LMKM,Polystichum acrostichoides (Michx.) Schott,4LMKM,Polystichum acrostichoides (Michx.) Schott,6,SPECIES,ACCEPTED,Plantae,P,Tracheophyta,TP,Polypodiopsida,GV,Polypodiales,3VL,Dryopteridaceae,9H9,Polystichum,63P6K,Polystichum acrostichoides,4LMKM,
5WST5,Bryoandersonia illecebra (Hedw.) H. Rob.,5WST5,Bryoandersonia illecebra (Hedw.) H. Rob.,1,SPECIES,ACCEPTED,Plantae,P,Bryophyta,BJ5TM,Bryopsida,CHTRW,Hypnales,9JFXS,Brachytheciaceae,9JFZ6,Bryoandersonia,9JHTY,Bryoandersonia illecebra,5WST5,
L287N,Hygroamblystegium tenax (Hedw.) Jenn.,L287N,Hygroamblystegium tenax (Hedw.) Jenn.,2,SPECIES,ACCEPTED,Plantae,P,Bryophyta,BJ5TM,Bryopsida,CHTRW,Hypnales,9JFXS,Amblystegiaceae,9JFYK,Hygroamblystegium,9JKR6,Hygroamblystegium tenax,L287N,
5B3CD,Verbesina occidentalis (L.) Walter,5B3CD,Verbesina occidentalis (L.) Walter,14,SPECIES,ACCEPTED,Plantae,P,Tracheophyta,TP,Magnoliopsida,MG,Asterales,ST,Asteraceae,622TP,Verbesina,86BT,Verbesina occidentalis,5B3CD,
4XZVH,Solanum carolinense L.,4XZVH,Solanum carolinense L.,9,SPECIES,ACCEPTED,Plantae,P,Tracheophyta,TP,Magnoliopsida,MG,Solanales,43W,Solanaceae,626XM,Solanum,63SD9,Solanum carolinense,4XZVH,
X4DJ,Collinsonia canadensis L.,X4DJ,Collinsonia canadensis L.,4,SPECIES,ACCEPTED,Plantae,P,Tracheophyta,TP,Magnoliopsida,MG,Lamiales,3F4,Lamiaceae,PR82T,Collinsonia,8VWF7,Collinsonia canadensis,X4DJ,
3H2JB,Goodyera pubescens (Willd.) R.Br.,3H2JB,Goodyera pubescens (Willd.) R.Br.,6,SPECIES,ACCEPTED,Plantae,P,Tracheophyta,TP,Liliopsida,L2L,Asparagales,SP,Orchidaceae,DPL,Goodyera,8VXXY,Goodyera pubescens,3H2JB,
RNSR,Castanea dentata (Marshall) Borkh.,RNSR,Castanea dentata (Marshall) Borkh.,3,SPECIES,ACCEPTED,Plantae,P,Tracheophyta,TP,Magnoliopsida,MG,Fagales,384,Fagaceae,NPBN9,Castanea,8VVZQ,Castanea dentata,RNSR,CR
5H4YG,Epilobium ciliatum subsp. glandulosum (Lehm.) Hoch & P.H.Raven,5H4YG,Epilobium ciliatum subsp. glandulosum (Lehm.) Hoch & P.H.Raven,4,SUBSPECIES,ACCEPTED,Plantae,P,Tracheophyta,TP,Magnoliopsida,MG,Myrtales,3LY,Onagraceae,DL8,Epilobium,4D6C,Epilobium ciliatum,6G4VY,
622TP,Asteraceae Dumort.,622TP,Asteraceae Dumort.,2,FAMILY,ACCEPTED,Plantae,P,Tracheophyta,TP,Magnoliopsida,MG,Asterales,ST,Asteraceae,622TP,,,,,
53Q88,Symphyotrichum lateriflorum (L.) Á.Löve & D.Löve,53Q88,Symphyotrichum lateriflorum (L.) Á.Löve & D.Löve,6,SPECIES,ACCEPTED,Plantae,P,Tracheophyta,TP,Magnoliopsida,MG,Asterales,ST,Asteraceae,622TP,Symphyotrichum,7QW7,Symphyotrichum lateriflorum,53Q88,
DXL9,Anemone virginiana L.,DXL9,Anemone virginiana L.,5,SPECIES,ACCEPTED,Plantae,P,Tracheophyta,TP,Magnoliopsida,MG,Ranunculales,3XS,Ranunculaceae,FJR,Anemone,VXV,Anemone virginiana,DXL9,
L24L5,Erechtites hieraciifolius (L.) Raf. ex DC.,L24L5,Erechtites hieraciifolius (L.) Raf. ex DC.,4,SPECIES,ACCEPTED,Plantae,P,Tracheophyta,TP,Magnoliopsida,MG,Asterales,ST,Asteraceae,622TP,Erechtites,4DPQ,Erechtites hieraciifolius,L24L5,
R8KK,Carex cephalophora Muhl. ex Willd.,R8KK,Carex cephalophora Muhl. ex Willd.,2,SPECIES,ACCEPTED,Plantae,P,Tracheophyta,TP,Liliopsida,L2L,Poales,627VM,Cyperaceae,8W5,Carex,8VRHY,Carex cephalophora,R8KK,
799R2,Rudbeckia laciniata L.,799R2,Rudbeckia laciniata L.,4,SPECIES,ACCEPTED,Plantae,P,Tracheophyta,TP,Magnoliopsida,MG,Asterales,ST,Asteraceae,622TP,Rudbeckia,63RK3,Rudbeckia laciniata,799R2,
449TF,Monotropa uniflora L.,449TF,Monotropa uniflora L.,5,SPECIES,ACCEPTED,Plantae,P,Tracheophyta,TP,Magnoliopsida,MG,Ericales,625QY,Ericaceae,623P8,Monotropa,63CVZ,Monotropa uniflora,449TF,
3RT2J,Lactuca canadensis L.,3RT2J,Lactuca canadensis L.,2,SPECIES,ACCEPTED,Plantae,P,Tracheophyta,TP,Magnoliopsida,MG,Asterales,ST,Asteraceae,622TP,Lactuca,7NF36,Lactuca canadensis,3RT2J,
76KZM,Penstemon laevigatus Aiton,76KZM,Penstemon laevigatus Aiton,3,SPECIES,ACCEPTED,Plantae,P,Tracheophyta,TP,Magnoliopsida,MG,Lamiales,3F4,Plantaginaceae,6262K,Penstemon,6KPY,Penstemon laevigatus,76KZM,
6NFM9,Juglans nigra L.,6NFM9,Juglans nigra L.,15,SPECIES,ACCEPTED,Plantae,P,Tracheophyta,TP,Magnoliopsida,MG,Fagales,384,Juglandaceae,BJB,Juglans,56VV,Juglans nigra,6NFM9,LC
6XJ3Y,Sanicula marilandica L.,6XJ3Y,Sanicula marilandica L.,2,SPECIES,ACCEPTED,Plantae,P,Tracheophyta,TP,Magnoliopsida,MG,Apiales,B7VXH,Apiaceae,6KC,Sanicula,7C7R,Sanicula marilandica,6XJ3Y,
4TCZZ,Rosa carolina L.,4TCZZ,Rosa carolina L.,4,SPECIES,ACCEPTED,Plantae,P,Tracheophyta,TP,Magnoliopsida,MG,Rosales,3Z6,Rosaceae,FTK,Rosa,63S6D,Rosa carolina,4TCZZ,
6YRVZ,Smilax tamnoides L.,6YRVZ,Smilax tamnoides L.,4,SPECIES,ACCEPTED,Plantae,P,Tracheophyta,TP,Liliopsida,L2L,Liliales,623DL,Smilacaceae,GCL,Smilax,8W3MJ,Smilax tamnoides,6YRVZ,
3ZJGV,Melissa officinalis L.,3ZJGV,Melissa officinalis L.,3,SPECIES,ACCEPTED,Plantae,P,Tracheophyta,TP,Magnoliopsida,MG,Lamiales,3F4,Lamiaceae,PR82T,Melissa,8VZ92,Melissa officinalis,3ZJGV,
6VTRZ,Polymnia canadensis L.,6VTRZ,Polymnia canadensis L.,4,SPECIES,ACCEPTED,Plantae,P,Tracheophyta,TP,Magnoliopsida,MG,Asterales,ST,Asteraceae,622TP,Polymnia,B3GLT,Polymnia canadensis,6VTRZ,
53PNG,Symphoricarpos orbiculatus Moench,53PNG,Symphoricarpos orbiculatus Moench,6,SPECIES,ACCEPTED,Plantae,P,Tracheophyta,TP,Magnoliopsida,MG,Dipsacales,35C,Caprifoliaceae,KV2D5,Symphoricarpos,7QV6,Symphoricarpos orbiculatus,53PNG,
4M635,Potentilla simplex Michx.,4M635,Potentilla simplex Michx.,4,SPECIES,ACCEPTED,Plantae,P,Tracheophyta,TP,Magnoliopsida,MG,Rosales,3Z6,Rosaceae,FTK,Potentilla,6V7H,Potentilla simplex,4M635,
HL6V,Asplenium platyneuron (L.) Britton, Sterns & Poggenb.,HL6V,Asplenium platyneuron (L.) Britton, Sterns & Poggenb.,9,SPECIES,ACCEPTED,Plantae,P,Tracheophyta,TP,Polypodiopsida,GV,Polypodiales,3VL,Aspleniaceae,6TQ,Asplenium,346X,Asplenium platyneuron,HL6V,
66F45,Amphicarpaea bracteata (L.) Fernald,66F45,Amphicarpaea bracteata (L.) Fernald,5,SPECIES,ACCEPTED,Plantae,P,Tracheophyta,TP,Magnoliopsida,MG,Fabales,383,Fabaceae,623QT,Amphicarpaea,9CJQS,Amphicarpaea bracteata,66F45,
FR6J,Apocynum androsaemifolium L.,FR6J,Apocynum androsaemifolium L.,2,SPECIES,ACCEPTED,Plantae,P,Tracheophyta,TP,Magnoliopsida,MG,Gentianales,39D,Apocynaceae,6L2,Apocynum,YV8,Apocynum androsaemifolium,FR6J,
R6ZB,Carduus nutans L.,R6ZB,Carduus nutans L.,1,SPECIES,ACCEPTED,Plantae,P,Tracheophyta,TP,Magnoliopsida,MG,Asterales,ST,Asteraceae,622TP,Carduus,3HGD,Carduus nutans,R6ZB,
4N97Q,Prunus serotina Ehrh.,4N97Q,Prunus serotina Ehrh.,2,SPECIES,ACCEPTED,Plantae,P,Tracheophyta,TP,Magnoliopsida,MG,Rosales,3Z6,Rosaceae,FTK,Prunus,6Y6H,Prunus serotina,4N97Q,LC
3F3B8,Galearis spectabilis (L.) Raf.,3F3B8,Galearis spectabilis (L.) Raf.,6,SPECIES,ACCEPTED,Plantae,P,Tracheophyta,TP,Liliopsida,L2L,Asparagales,SP,Orchidaceae,DPL,Galearis,8VXRD,Galearis spectabilis,3F3B8,
7G45M,Viola palmata L.,7G45M,Viola palmata L.,4,SPECIES,ACCEPTED,Plantae,P,Tracheophyta,TP,Magnoliopsida,MG,Malpighiales,MLP,Violaceae,6272Z,Viola,86VM,Viola palmata,7G45M,
LS97,Bidens frondosa L.,LS97,Bidens frondosa L.,4,SPECIES,ACCEPTED,Plantae,P,Tracheophyta,TP,Magnoliopsida,MG,Asterales,ST,Asteraceae,622TP,Bidens,62GF8,Bidens frondosa,LS97,LC
4XSHW,Sisyrinchium angustifolium Mill.,4XSHW,Sisyrinchium angustifolium Mill.,4,SPECIES,ACCEPTED,Plantae,P,Tracheophyta,TP,Liliopsida,L2L,Asparagales,SP,Iridaceae,BFJ,Sisyrinchium,8W3M4,Sisyrinchium angustifolium,4XSHW,
37WPF,Dryopteris intermedia (Muhl. ex Willd.) A.Gray,37WPF,Dryopteris intermedia (Muhl. ex Willd.) A.Gray,1,SPECIES,ACCEPTED,Plantae,P,Tracheophyta,TP,Polypodiopsida,GV,Polypodiales,3VL,Dryopteridaceae,9H9,Dryopteris,48JM,Dryopteris intermedia,37WPF,LC
4T7YV,Robinia pseudoacacia L.,4T7YV,Robinia pseudoacacia L.,4,SPECIES,ACCEPTED,Plantae,P,Tracheophyta,TP,Magnoliopsida,MG,Fabales,383,Fabaceae,623QT,Robinia,9CLYF,Robinia pseudoacacia,4T7YV,LC
4J2KR,Pinus virginiana Mill.,4J2KR,Pinus virginiana Mill.,1,SPECIES,ACCEPTED,Plantae,P,Tracheophyta,TP,Pinopsida,C7ZVJ,Pinales,C7ZVH,Pinaceae,C7ZVG,Pinus,C84WJ,Pinus virginiana,4J2KR,LC
CZ669,Acer negundo var. negundo,94F5,Acer negundo L.,5,VARIETY,SYNONYM,Plantae,P,Tracheophyta,TP,Magnoliopsida,MG,Sapindales,3ZY,Sapindaceae,FY3,Acer,MLD,Acer negundo,94F5,
872G,Vitis L.,872G,Vitis L.,5,GENUS,ACCEPTED,Plantae,P,Tracheophyta,TP,Magnoliopsida,MG,Vitales,6237J,Vitaceae,6273G,Vitis,872G,,,
6X452,Quercus velutina Lam.,6X452,Quercus velutina Lam.,3,SPECIES,ACCEPTED,Plantae,P,Tracheophyta,TP,Magnoliopsida,MG,Fagales,384,Fagaceae,NPBN9,Quercus,8W2YL,Quercus velutina,6X452,LC
79QLB,Sassafras albidum (Nutt.) Nees,79QLB,Sassafras albidum (Nutt.) Nees,7,SPECIES,ACCEPTED,Plantae,P,Tracheophyta,TP,Magnoliopsida,MG,Laurales,3F8,Lauraceae,BTB,Sassafras,643PF,Sassafras albidum,79QLB,LC
487MQ,Nyssa sylvatica Marshall,487MQ,Nyssa sylvatica Marshall,1,SPECIES,ACCEPTED,Plantae,P,Tracheophyta,TP,Magnoliopsida,MG,Cornales,ZT,Nyssaceae,QKJKY,Nyssa,8VZSN,Nyssa sylvatica,487MQ,LC
RHRN,Carya alba (L.) Nutt.,RHRN,Carya alba (L.) Nutt.,2,SPECIES,ACCEPTED,Plantae,P,Tracheophyta,TP,Magnoliopsida,MG,Fagales,384,Juglandaceae,BJB,Carya,3HXZ,Carya alba,RHRN,LC
84MS,Ulmus L.,84MS,Ulmus L.,2,GENUS,ACCEPTED,Plantae,P,Tracheophyta,TP,Magnoliopsida,MG,Rosales,3Z6,Ulmaceae,HNB,Ulmus,84MS,,,
RHS8,Carya glabra (Mill.) Sweet,RHS8,Carya glabra (Mill.) Sweet,1,SPECIES,ACCEPTED,Plantae,P,Tracheophyta,TP,Magnoliopsida,MG,Fagales,384,Juglandaceae,BJB,Carya,3HXZ,Carya glabra,RHS8,LC
6TVD7,Paulownia tomentosa (Thunb.) Steud.,6TVD7,Paulownia tomentosa (Thunb.) Steud.,1,SPECIES,ACCEPTED,Plantae,P,Tracheophyta,TP,Magnoliopsida,MG,Lamiales,3F4,Paulowniaceae,626CS,Paulownia,6JPP,Paulownia tomentosa,6TVD7,LC
3VCGS,Liriodendron tulipifera L.,3VCGS,Liriodendron tulipifera L.,23,SPECIES,ACCEPTED,Plantae,P,Tracheophyta,TP,Magnoliopsida,MG,Magnoliales,3HL,Magnoliaceae,Q3MV6,Liriodendron,8VYYL,Liriodendron tulipifera,3VCGS,LC
4R47Z,Quercus alba L.,4R47Z,Quercus alba L.,2,SPECIES,ACCEPTED,Plantae,P,Tracheophyta,TP,Magnoliopsida,MG,Fagales,384,Fagaceae,NPBN9,Quercus,8W2YL,Quercus alba,4R47Z,LC
4R5Z8,Quercus rubra L.,4R5Z8,Quercus rubra L.,4,SPECIES,ACCEPTED,Plantae,P,Tracheophyta,TP,Magnoliopsida,MG,Fagales,384,Fagaceae,NPBN9,Quercus,8W2YL,Quercus rubra,4R5Z8,LC
4JN3N,Platanus occidentalis L.,4JN3N,Platanus occidentalis L.,3,SPECIES,ACCEPTED,Plantae,P,Tracheophyta,TP,Magnoliopsida,MG,Proteales,3WP,Platanaceae,6262P,Platanus,6RKR,Platanus occidentalis,4JN3N,LC
4N8P4,Prunus avium (L.) L.,4N8P4,Prunus avium (L.) L.,1,SPECIES,ACCEPTED,Plantae,P,Tracheophyta,TP,Magnoliopsida,MG,Rosales,3Z6,Rosaceae,FTK,Prunus,6Y6H,Prunus avium,4N8P4,LC
4R5KM,Quercus montana Willd.,4R5KM,Quercus montana Willd.,3,SPECIES,ACCEPTED,Plantae,P,Tracheophyta,TP,Magnoliopsida,MG,Fagales,384,Fagaceae,NPBN9,Quercus,8W2YL,Quercus montana,4R5KM,LC
CYVRW,Prunus serotina var. serotina,CYVRW,Prunus serotina var. serotina,2,VARIETY,ACCEPTED,Plantae,P,Tracheophyta,TP,Magnoliopsida,MG,Rosales,3Z6,Rosaceae,FTK,Prunus,6Y6H,Prunus serotina,4N97Q,
RHSR,Carya ovalis (Wangenh.) Sarg.,RHSR,Carya ovalis (Wangenh.) Sarg.,3,SPECIES,ACCEPTED,Plantae,P,Tracheophyta,TP,Magnoliopsida,MG,Fagales,384,Juglandaceae,BJB,Carya,3HXZ,Carya ovalis,RHSR,
P,Plantae,P,Plantae,193,KINGDOM,ACCEPTED,Plantae,P,,,,,,,,,,,,,
94JD,Acer rubrum L.,94JD,Acer rubrum L.,2,SPECIES,ACCEPTED,Plantae,P,Tracheophyta,TP,Magnoliopsida,MG,Sapindales,3ZY,Sapindaceae,FY3,Acer,MLD,Acer rubrum,94JD,LC
5B2ZR,Verbena urticifolia L.,5B2ZR,Verbena urticifolia L.,9,SPECIES,ACCEPTED,Plantae,P,Tracheophyta,TP,Magnoliopsida,MG,Lamiales,3F4,Verbenaceae,TMFZP,Verbena,99FT5,Verbena urticifolia,5B2ZR,
75D9H,Ostrya virginiana (Mill.) K.Koch,75D9H,Ostrya virginiana (Mill.) K.Koch,3,SPECIES,ACCEPTED,Plantae,P,Tracheophyta,TP,Magnoliopsida,MG,Fagales,384,Betulaceae,LWT55,Ostrya,8VZZB,Ostrya virginiana,75D9H,LC
564NF,Thaspium trifoliatum (L.) A.Gray,564NF,Thaspium trifoliatum (L.) A.Gray,2,SPECIES,ACCEPTED,Plantae,P,Tracheophyta,TP,Magnoliopsida,MG,Apiales,B7VXH,Apiaceae,6KC,Thaspium,7VBD,Thaspium trifoliatum,564NF,
54VX8,Taraxacum officinale Weber ex F.H.Wigg.,54VX8,Taraxacum officinale Weber ex F.H.Wigg.,2,SPECIES,ACCEPTED,Plantae,P,Tracheophyta,TP,Magnoliopsida,MG,Asterales,ST,Asteraceae,622TP,Taraxacum,7SSF,Taraxacum officinale,54VX8,
6YGR4,Senna hebecarpa (Fernald) H.S.Irwin & Barneby,6YGR4,Senna hebecarpa (Fernald) H.S.Irwin & Barneby,2,SPECIES,ACCEPTED,Plantae,P,Tracheophyta,TP,Magnoliopsida,MG,Fabales,383,Fabaceae,623QT,Senna,9CM2K,Senna hebecarpa,6YGR4,
5BC3V,Viburnum acerifolium L.,5BC3V,Viburnum acerifolium L.,2,SPECIES,ACCEPTED,Plantae,P,Tracheophyta,TP,Magnoliopsida,MG,Dipsacales,35C,Viburnaceae,HTT,Viburnum,86MY,Viburnum acerifolium,5BC3V,
4Y76N,Solidago caesia L.,4Y76N,Solidago caesia L.,4,SPECIES,ACCEPTED,Plantae,P,Tracheophyta,TP,Magnoliopsida,MG,Asterales,ST,Asteraceae,622TP,Solidago,7JH2,Solidago caesia,4Y76N,
6X6G8,Rhododendron periclymenoides (Michx.) Shinners,6X6G8,Rhododendron periclymenoides (Michx.) Shinners,4,SPECIES,ACCEPTED,Plantae,P,Tracheophyta,TP,Magnoliopsida,MG,Ericales,625QY,Ericaceae,623P8,Rhododendron,63QC9,Rhododendron periclymenoides,6X6G8,
4XWRV,Smilax pulverulenta Michx.,4XWRV,Smilax pulverulenta Michx.,6,SPECIES,ACCEPTED,Plantae,P,Tracheophyta,TP,Liliopsida,L2L,Liliales,623DL,Smilacaceae,GCL,Smilax,8W3MJ,Smilax pulverulenta,4XWRV,
TKDJ,Chamaelirium luteum (L.) A.Gray,TKDJ,Chamaelirium luteum (L.) A.Gray,2,SPECIES,ACCEPTED,Plantae,P,Tracheophyta,TP,Liliopsida,L2L,Liliales,623DL,Melanthiaceae,CK6,Chamaelirium,8VW5C,Chamaelirium luteum,TKDJ,
3VBV,Crataegus L.,3VBV,Crataegus L.,2,GENUS,ACCEPTED,Plantae,P,Tracheophyta,TP,Magnoliopsida,MG,Rosales,3Z6,Rosaceae,FTK,Crataegus,3VBV,,,
34T5B,Dennstaedtia punctiloba (Poir.) J.Sm.,BTSPD,Sitobolium punctilobulum (Michx.) Desv.,3,SPECIES,SYNONYM,Plantae,P,Tracheophyta,TP,Polypodiopsida,GV,Polypodiales,3VL,Dennstaedtiaceae,946,Sitobolium,BC6RL,Sitobolium punctilobulum,BTSPD,
3J6B2,Hackelia virginiana (L.) I.M.Johnst.,3J6B2,Hackelia virginiana (L.) I.M.Johnst.,5,SPECIES,ACCEPTED,Plantae,P,Tracheophyta,TP,Magnoliopsida,MG,Boraginales,TW,Boraginaceae,622G7,Hackelia,62TZT,Hackelia virginiana,3J6B2,
6HTQW,Festuca subverticillata (Pers.) E.B.Alexeev,6HTQW,Festuca subverticillata (Pers.) E.B.Alexeev,5,SPECIES,ACCEPTED,Plantae,P,Tracheophyta,TP,Liliopsida,L2L,Poales,627VM,Poaceae,627FW,Festuca,8VXP2,Festuca subverticillata,6HTQW,
9D74Z,Hylodesmum nudiflorum (L.) H.Ohashi & R.R.Mill,9D74Z,Hylodesmum nudiflorum (L.) H.Ohashi & R.R.Mill,6,SPECIES,ACCEPTED,Plantae,P,Tracheophyta,TP,Magnoliopsida,MG,Fabales,383,Fabaceae,623QT,Hylodesmum,9CL23,Hylodesmum nudiflorum,9D74Z,
4XWJ6,Smilax hispida Muhl. ex Torr.,6YRVZ,Smilax tamnoides L.,2,SPECIES,SYNONYM,Plantae,P,Tracheophyta,TP,Liliopsida,L2L,Liliales,623DL,Smilacaceae,GCL,Smilax,8W3MJ,Smilax tamnoides,6YRVZ,
4XD8Y,Silene stellata (L.) Coyte,4XD8Y,Silene stellata (L.) Coyte,5,SPECIES,ACCEPTED,Plantae,P,Tracheophyta,TP,Magnoliopsida,MG,Caryophyllales,VW,Caryophyllaceae,7RZ,Silene,644QW,Silene stellata,4XD8Y,
6TBXL,Osmundastrum cinnamomeum (L.) C.Presl,6TBXL,Osmundastrum cinnamomeum (L.) C.Presl,2,SPECIES,ACCEPTED,Plantae,P,Tracheophyta,TP,Polypodiopsida,GV,Osmundales,3QG,Osmundaceae,626HS,Osmundastrum,63GQ7,Osmundastrum cinnamomeum,6TBXL,LC
4F9TY,Persicaria longiseta (Bruijn) Kitag.,4F9TY,Persicaria longiseta (Bruijn) Kitag.,2,SPECIES,ACCEPTED,Plantae,P,Tracheophyta,TP,Magnoliopsida,MG,Caryophyllales,VW,Polygonaceae,627KD,Persicaria,6LSN,Persicaria longiseta,4F9TY,
RB7B,Carex platyphylla J.Carey,RB7B,Carex platyphylla J.Carey,4,SPECIES,ACCEPTED,Plantae,P,Tracheophyta,TP,Liliopsida,L2L,Poales,627VM,Cyperaceae,8W5,Carex,8VRHY,Carex platyphylla,RB7B,
8W2K5,Poa L.,8W2K5,Poa L.,10,GENUS,ACCEPTED,Plantae,P,Tracheophyta,TP,Liliopsida,L2L,Poales,627VM,Poaceae,627FW,Poa,8W2K5,,,
4YVYP,Sphenopholis nitida (Biehler) Scribn.,4YVYP,Sphenopholis nitida (Biehler) Scribn.,2,SPECIES,ACCEPTED,Plantae,P,Tracheophyta,TP,Liliopsida,L2L,Poales,627VM,Poaceae,627FW,Sphenopholis,8W3Q6,Sphenopholis nitida,4YVYP,
B9K3B,Dryopteris marginalis (L.) A.Gray,B9K3B,Dryopteris marginalis (L.) A.Gray,3,SPECIES,ACCEPTED,Plantae,P,Tracheophyta,TP,Polypodiopsida,GV,Polypodiales,3VL,Dryopteridaceae,9H9,Dryopteris,48JM,Dryopteris marginalis,B9K3B,
MQJ3,Botrypus virginianus (L.) Michx.,MQJ3,Botrypus virginianus (L.) Michx.,10,SPECIES,ACCEPTED,Plantae,P,Tracheophyta,TP,Polypodiopsida,GV,Ophioglossales,623DM,Ophioglossaceae,KT8B2,Botrypus,3BYS,Botrypus virginianus,MQJ3,
VHV2,Cirsium discolor (Muhl. ex Willd.) Spreng.,VHV2,Cirsium discolor (Muhl. ex Willd.) Spreng.,4,SPECIES,ACCEPTED,Plantae,P,Tracheophyta,TP,Magnoliopsida,MG,Asterales,ST,Asteraceae,622TP,Cirsium,3Q7P,Cirsium discolor,VHV2,
7FNL3,Veratrum latifolium (Desr.) Zomlefer,3ZC9H,Melanthium hybridum Walter,2,SPECIES,SYNONYM,Plantae,P,Tracheophyta,TP,Liliopsida,L2L,Liliales,623DL,Melanthiaceae,CK6,Melanthium,8VZ8T,Melanthium hybridum,3ZC9H,
4Y7KF,Solidago ulmifolia Muhl. ex Willd.,4Y7KF,Solidago ulmifolia Muhl. ex Willd.,2,SPECIES,ACCEPTED,Plantae,P,Tracheophyta,TP,Magnoliopsida,MG,Asterales,ST,Asteraceae,622TP,Solidago,7JH2,Solidago ulmifolia,4Y7KF,
6BBCW,Crataegus chrysocarpa Ashe,6BBCW,Crataegus chrysocarpa Ashe,2,SPECIES,ACCEPTED,Plantae,P,Tracheophyta,TP,Magnoliopsida,MG,Rosales,3Z6,Rosaceae,FTK,Crataegus,3VBV,Crataegus chrysocarpa,6BBCW,LC
4RFJ2,Ranunculus abortivus L.,4RFJ2,Ranunculus abortivus L.,5,SPECIES,ACCEPTED,Plantae,P,Tracheophyta,TP,Magnoliopsida,MG,Ranunculales,3XS,Ranunculaceae,FJR,Ranunculus,774N,Ranunculus abortivus,4RFJ2,
4VZBN,Scrophularia lanceolata Pursh,4VZBN,Scrophularia lanceolata Pursh,2,SPECIES,ACCEPTED,Plantae,P,Tracheophyta,TP,Magnoliopsida,MG,Lamiales,3F4,Scrophulariaceae,G5R,Scrophularia,6458C,Scrophularia lanceolata,4VZBN,
36DF9,Dioscorea villosa L.,36DF9,Dioscorea villosa L.,10,SPECIES,ACCEPTED,Plantae,P,Tracheophyta,TP,Liliopsida,L2L,Dioscoreales,34W,Dioscoreaceae,623Y5,Dioscorea,8VRRX,Dioscorea villosa,36DF9,LC
3D39Z,Eurybia macrophylla (L.) Cass.,3D39Z,Eurybia macrophylla (L.) Cass.,2,SPECIES,ACCEPTED,Plantae,P,Tracheophyta,TP,Magnoliopsida,MG,Asterales,ST,Asteraceae,622TP,Eurybia,4GPD,Eurybia macrophylla,3D39Z,
8SC4,Acalypha rhomboidea Raf.,8SC4,Acalypha rhomboidea Raf.,2,SPECIES,ACCEPTED,Plantae,P,Tracheophyta,TP,Magnoliopsida,MG,Malpighiales,MLP,Euphorbiaceae,N7XM4,Acalypha,8VT5Y,Acalypha rhomboidea,8SC4,
37W3P,Dryopteris carthusiana (Vill.) H.P.Fuchs,37W3P,Dryopteris carthusiana (Vill.) H.P.Fuchs,3,SPECIES,ACCEPTED,Plantae,P,Tracheophyta,TP,Polypodiopsida,GV,Polypodiales,3VL,Dryopteridaceae,9H9,Dryopteris,48JM,Dryopteris carthusiana,37W3P,
9YBKM,Polygonum cespitosum Blume,5KB63,Persicaria posumbu subsp. posumbu,3,SPECIES,SYNONYM,Plantae,P,Tracheophyta,TP,Magnoliopsida,MG,Caryophyllales,VW,Polygonaceae,627KD,Persicaria,6LSN,Persicaria posumbu,4F9W9,
6JYVK,Gaylussacia baccata (Wangenh.) K.Koch,6JYVK,Gaylussacia baccata (Wangenh.) K.Koch,2,SPECIES,ACCEPTED,Plantae,P,Tracheophyta,TP,Magnoliopsida,MG,Ericales,625QY,Ericaceae,623P8,Gaylussacia,4MHZ,Gaylussacia baccata,6JYVK,
353D2,Desmodium paniculatum (L.) DC.,353D2,Desmodium paniculatum (L.) DC.,3,SPECIES,ACCEPTED,Plantae,P,Tracheophyta,TP,Magnoliopsida,MG,Fabales,383,Fabaceae,623QT,Desmodium,9CKK7,Desmodium paniculatum,353D2,
6KG7Y,Geum virginianum L.,6KG7Y,Geum virginianum L.,1,SPECIES,ACCEPTED,Plantae,P,Tracheophyta,TP,Magnoliopsida,MG,Rosales,3Z6,Rosaceae,FTK,Geum,6356B,Geum virginianum,6KG7Y,
6GNJG,Erigeron annuus (L.) Pers.,6GNJG,Erigeron annuus (L.) Pers.,4,SPECIES,ACCEPTED,Plantae,P,Tracheophyta,TP,Magnoliopsida,MG,Asterales,ST,Asteraceae,622TP,Erigeron,633LL,Erigeron annuus,6GNJG,
4RHKL,Ranunculus recurvatus Poir.,4RHKL,Ranunculus recurvatus Poir.,3,SPECIES,ACCEPTED,Plantae,P,Tracheophyta,TP,Magnoliopsida,MG,Ranunculales,3XS,Ranunculaceae,FJR,Ranunculus,774N,Ranunculus recurvatus,4RHKL,
JTJ6,Aureolaria virginica (L.) Pennell,JTJ6,Aureolaria virginica (L.) Pennell,2,SPECIES,ACCEPTED,Plantae,P,Tracheophyta,TP,Magnoliopsida,MG,Lamiales,3F4,Orobanchaceae,DQG,Aureolaria,62DL5,Aureolaria virginica,JTJ6,
6PYTF,Ligustrum vulgare L.,6PYTF,Ligustrum vulgare L.,2,SPECIES,ACCEPTED,Plantae,P,Tracheophyta,TP,Magnoliopsida,MG,Lamiales,3F4,Oleaceae,QRMLH,Ligustrum,8VYWY,Ligustrum vulgare,6PYTF,
6BTYL,Cynoglossum virginianum L.,DQ4P,Andersonglossum virginianum (L.) J.I.Cohen,2,SPECIES,SYNONYM,Plantae,P,Tracheophyta,TP,Magnoliopsida,MG,Boraginales,TW,Boraginaceae,622G7,Andersonglossum,VPS,Andersonglossum virginianum,DQ4P,
43794,Microstegium vimineum (Trin.) A.Camus,43794,Microstegium vimineum (Trin.) A.Camus,10,SPECIES,ACCEPTED,Plantae,P,Tracheophyta,TP,Liliopsida,L2L,Poales,627VM,Poaceae,627FW,Microstegium,8VZDP,Microstegium vimineum,43794,
43P8Q,Mitchella repens L.,43P8Q,Mitchella repens L.,2,SPECIES,ACCEPTED,Plantae,P,Tracheophyta,TP,Magnoliopsida,MG,Gentianales,39D,Rubiaceae,SGJN5,Mitchella,8VZFL,Mitchella repens,43P8Q,LC
66XGH,Antennaria plantaginifolia (L.) Hook.,66XGH,Antennaria plantaginifolia (L.) Hook.,4,SPECIES,ACCEPTED,Plantae,P,Tracheophyta,TP,Magnoliopsida,MG,Asterales,ST,Asteraceae,622TP,Antennaria,X99,Antennaria plantaginifolia,66XGH,
4QLWG,Pycnanthemum verticillatum (Michx.) Pers.,4QLWG,Pycnanthemum verticillatum (Michx.) Pers.,2,SPECIES,ACCEPTED,Plantae,P,Tracheophyta,TP,Magnoliopsida,MG,Lamiales,3F4,Lamiaceae,PR82T,Pycnanthemum,8W2XL,Pycnanthemum verticillatum,4QLWG,
4XDFW,Silene vulgaris (Moench) Garcke,4XDFW,Silene vulgaris (Moench) Garcke,2,SPECIES,ACCEPTED,Plantae,P,Tracheophyta,TP,Magnoliopsida,MG,Caryophyllales,VW,Caryophyllaceae,7RZ,Silene,644QW,Silene vulgaris,4XDFW,LC
6XHYD,Sambucus canadensis L.,6XHYD,Sambucus canadensis L.,2,SPECIES,ACCEPTED,Plantae,P,Tracheophyta,TP,Magnoliopsida,MG,Dipsacales,35C,Viburnaceae,HTT,Sambucus,7C39,Sambucus canadensis,6XHYD,
6NVYM,Laportea canadensis (L.) Wedd.,6NVYM,Laportea canadensis (L.) Wedd.,4,SPECIES,ACCEPTED,Plantae,P,Tracheophyta,TP,Magnoliopsida,MG,Rosales,3Z6,Urticaceae,HQS,Laportea,62XBH,Laportea canadensis,6NVYM,
79VF,Ribes L.,79VF,Ribes L.,2,GENUS,ACCEPTED,Plantae,P,Tracheophyta,TP,Magnoliopsida,MG,Saxifragales,424,Grossulariaceae,625DC,Ribes,79VF,,,
56WNF,Tilia americana L.,56WNF,Tilia americana L.,1,SPECIES,ACCEPTED,Plantae,P,Tracheophyta,TP,Magnoliopsida,MG,Malvales,3HP,Malvaceae,CDB,Tilia,7WX3,Tilia americana,56WNF,LC
6J8P,Parthenium L.,6J8P,Parthenium L.,2,GENUS,ACCEPTED,Plantae,P,Tracheophyta,TP,Magnoliopsida,MG,Asterales,ST,Asteraceae,622TP,Parthenium,6J8P,,,
4XCGC,Silene latifolia Poir.,4XCGC,Silene latifolia Poir.,4,SPECIES,ACCEPTED,Plantae,P,Tracheophyta,TP,Magnoliopsida,MG,Caryophyllales,VW,Caryophyllaceae,7RZ,Silene,644QW,Silene latifolia,4XCGC,
73R6J,Morus rubra L.,73R6J,Morus rubra L.,2,SPECIES,ACCEPTED,Plantae,P,Tracheophyta,TP,Magnoliopsida,MG,Rosales,3Z6,Moraceae,CXM,Morus,5VCQ,Morus rubra,73R6J,LC
62DL5,Aureolaria Raf.,62DL5,Aureolaria Raf.,2,GENUS,ACCEPTED,Plantae,P,Tracheophyta,TP,Magnoliopsida,MG,Lamiales,3F4,Orobanchaceae,DQG,Aureolaria,62DL5,,,
4HM9F,Phytolacca americana L.,4HM9F,Phytolacca americana L.,5,SPECIES,ACCEPTED,Plantae,P,Tracheophyta,TP,Magnoliopsida,MG,Caryophyllales,VW,Phytolaccaceae,625L4,Phytolacca,63MCK,Phytolacca americana,4HM9F,
3XJ9V,Maianthemum canadense Desf.,3XJ9V,Maianthemum canadense Desf.,2,SPECIES,ACCEPTED,Plantae,P,Tracheophyta,TP,Liliopsida,L2L,Asparagales,SP,Asparagaceae,6T3,Maianthemum,8VZ4P,Maianthemum canadense,3XJ9V,
53Q78,Symphyotrichum cordifolium (L.) G.L.Nesom,53Q78,Symphyotrichum cordifolium (L.) G.L.Nesom,3,SPECIES,ACCEPTED,Plantae,P,Tracheophyta,TP,Magnoliopsida,MG,Asterales,ST,Asteraceae,622TP,Symphyotrichum,7QW7,Symphyotrichum cordifolium,53Q78,
RC2F,Carex striatula Michx.,RC2F,Carex striatula Michx.,2,SPECIES,ACCEPTED,Plantae,P,Tracheophyta,TP,Liliopsida,L2L,Poales,627VM,Cyperaceae,8W5,Carex,8VRHY,Carex striatula,RC2F,
VYHY,Clematis virginiana L.,VYHY,Clematis virginiana L.,2,SPECIES,ACCEPTED,Plantae,P,Tracheophyta,TP,Magnoliopsida,MG,Ranunculales,3XS,Ranunculaceae,FJR,Clematis,3QTB,Clematis virginiana,VYHY,
3NXVS,Hypopitys monotropa Crantz,3NXVS,Hypopitys monotropa Crantz,1,SPECIES,ACCEPTED,Plantae,P,Tracheophyta,TP,Magnoliopsida,MG,Ericales,625QY,Ericaceae,623P8,Hypopitys,638GG,Hypopitys monotropa,3NXVS,
B3GPN,Ageratina altissima (L.) R.M.King & H.Rob.,B3GPN,Ageratina altissima (L.) R.M.King & H.Rob.,2,SPECIES,ACCEPTED,Plantae,P,Tracheophyta,TP,Magnoliopsida,MG,Asterales,ST,Asteraceae,622TP,Ageratina,QPD,Ageratina altissima,B3GPN,
4Y2BH,Solanum dulcamara L.,4Y2BH,Solanum dulcamara L.,3,SPECIES,ACCEPTED,Plantae,P,Tracheophyta,TP,Magnoliopsida,MG,Solanales,43W,Solanaceae,626XM,Solanum,63SD9,Solanum dulcamara,4Y2BH,
3L53Y,Hesperis matronalis L.,3L53Y,Hesperis matronalis L.,6,SPECIES,ACCEPTED,Plantae,P,Tracheophyta,TP,Magnoliopsida,MG,Capparales,V5D96,Brassicaceae,C6GCC,Hesperis,C7DHY,Hesperis matronalis,3L53Y,
7NJ5M,Oxalis stricta L.,7NJ5M,Oxalis stricta L.,3,SPECIES,ACCEPTED,Plantae,P,Tracheophyta,TP,Magnoliopsida,MG,Oxalidales,3QP,Oxalidaceae,DSG,Oxalis,6B6T,Oxalis stricta,7NJ5M,
3CGSK,Euonymus alatus (Thunb.) Siebold,3CGSK,Euonymus alatus (Thunb.) Siebold,3,SPECIES,ACCEPTED,Plantae,P,Tracheophyta,TP,Magnoliopsida,MG,Celastrales,W8,Celastraceae,622JV,Euonymus,4G5H,Euonymus alatus,3CGSK,
75BZ2,Osmunda cinnamomea L.,5K3H4,Osmundastrum cinnamomeum subsp. cinnamomeum,1,SPECIES,SYNONYM,Plantae,P,Tracheophyta,TP,Polypodiopsida,GV,Osmundales,3QG,Osmundaceae,626HS,Osmundastrum,63GQ7,Osmundastrum cinnamomeum,6TBXL,
55XD6,Teucrium canadense L.,55XD6,Teucrium canadense L.,3,SPECIES,ACCEPTED,Plantae,P,Tracheophyta,TP,Magnoliopsida,MG,Lamiales,3F4,Lamiaceae,PR82T,Teucrium,8W44L,Teucrium canadense,55XD6,
97H4,Achillea millefolium L.,97H4,Achillea millefolium L.,3,SPECIES,ACCEPTED,Plantae,P,Tracheophyta,TP,Magnoliopsida,MG,Asterales,ST,Asteraceae,622TP,Achillea,MRG,Achillea millefolium,97H4,LC
H6MW,Asclepias purpurascens L.,H6MW,Asclepias purpurascens L.,1,SPECIES,ACCEPTED,Plantae,P,Tracheophyta,TP,Magnoliopsida,MG,Gentianales,39D,Apocynaceae,6L2,Asclepias,33PC,Asclepias purpurascens,H6MW,
45JDV,Nabalus serpentarius (Pursh) Hook.,45JDV,Nabalus serpentarius (Pursh) Hook.,4,SPECIES,ACCEPTED,Plantae,P,Tracheophyta,TP,Magnoliopsida,MG,Asterales,ST,Asteraceae,622TP,Nabalus,5WYN,Nabalus serpentarius,45JDV,
LK9J,Berberis thunbergii DC.,LK9J,Berberis thunbergii DC.,7,SPECIES,ACCEPTED,Plantae,P,Tracheophyta,TP,Magnoliopsida,MG,Ranunculales,3XS,Berberidaceae,76G,Berberis,39LV,Berberis thunbergii,LK9J,
9KFLH,Lindera benzoin (L.) Blume,9KFLH,Lindera benzoin (L.) Blume,4,SPECIES,ACCEPTED,Plantae,P,Tracheophyta,TP,Magnoliopsida,MG,Laurales,3F8,Lauraceae,BTB,Lindera,62Z2Q,Lindera benzoin,9KFLH,LC
GND9,Arisaema triphyllum (L.) Schott,GND9,Arisaema triphyllum (L.) Schott,4,SPECIES,ACCEPTED,Plantae,P,Tracheophyta,TP,Liliopsida,L2L,Alismatales,62287,Araceae,6M4,Arisaema,8VV75,Arisaema triphyllum,GND9,
3SKWL,Lathyrus latifolius L.,3SKWL,Lathyrus latifolius L.,1,SPECIES,ACCEPTED,Plantae,P,Tracheophyta,TP,Magnoliopsida,MG,Fabales,383,Fabaceae,623QT,Lathyrus,9CL5V,Lathyrus latifolius,3SKWL,LC
94F5,Acer negundo L.,94F5,Acer negundo L.,6,SPECIES,ACCEPTED,Plantae,P,Tracheophyta,TP,Magnoliopsida,MG,Sapindales,3ZY,Sapindaceae,FY3,Acer,MLD,Acer negundo,94F5,LC
33J7B,Cypripedium parviflorum Salisb.,33J7B,Cypripedium parviflorum Salisb.,3,SPECIES,ACCEPTED,Plantae,P,Tracheophyta,TP,Liliopsida,L2L,Asparagales,SP,Orchidaceae,DPL,Cypripedium,8VWPC,Cypripedium parviflorum,33J7B,LC
8WZ6C,Oplismenus undulatifolius (Ard.) P.Beauv.,8WZ6C,Oplismenus undulatifolius (Ard.) P.Beauv.,6,SPECIES,ACCEPTED,Plantae,P,Tracheophyta,TP,Liliopsida,L2L,Poales,627VM,Poaceae,627FW,Oplismenus,8VZX2,Oplismenus undulatifolius,8WZ6C,
FR6X,Apocynum cannabinum L.,FR6X,Apocynum cannabinum L.,4,SPECIES,ACCEPTED,Plantae,P,Tracheophyta,TP,Magnoliopsida,MG,Gentianales,39D,Apocynaceae,6L2,Apocynum,YV8,Apocynum cannabinum,FR6X,
5ZTY3,Conopholis americana (L.) Wallr.,5ZTY3,Conopholis americana (L.) Wallr.,4,SPECIES,ACCEPTED,Plantae,P,Tracheophyta,TP,Magnoliopsida,MG,Lamiales,3F4,Orobanchaceae,DQG,Conopholis,3TDR,Conopholis americana,5ZTY3,
6ZGPC,Stachys byzantina K.Koch,6ZGPC,Stachys byzantina K.Koch,1,SPECIES,ACCEPTED,Plantae,P,Tracheophyta,TP,Magnoliopsida,MG,Lamiales,3F4,Lamiaceae,PR82T,Stachys,8W3RD,Stachys byzantina,6ZGPC,
YGJT,Cornus florida L.,YGJT,Cornus florida L.,2,SPECIES,ACCEPTED,Plantae,P,Tracheophyta,TP,Magnoliopsida,MG,Cornales,ZT,Cornaceae,M2QBC,Cornus,8VWH2,Cornus florida,YGJT,LC
75X4Y,Pedicularis canadensis L.,75X4Y,Pedicularis canadensis L.,2,SPECIES,ACCEPTED,Plantae,P,Tracheophyta,TP,Magnoliopsida,MG,Lamiales,3F4,Orobanchaceae,DQG,Pedicularis,6JYZ,Pedicularis canadensis,75X4Y,
6GYVB,Euphorbia corollata L.,6GYVB,Euphorbia corollata L.,2,SPECIES,ACCEPTED,Plantae,P,Tracheophyta,TP,Magnoliopsida,MG,Malpighiales,MLP,Euphorbiaceae,N7XM4,Euphorbia,8VRY5,Euphorbia corollata,6GYVB,
72LVD,Lobelia inflata L.,72LVD,Lobelia inflata L.,5,SPECIES,ACCEPTED,Plantae,P,Tracheophyta,TP,Magnoliopsida,MG,Asterales,ST,Campanulaceae,LZZSM,Lobelia,8VYZ5,Lobelia inflata,72LVD,
723GG,Lespedeza cuneata (Dum.Cours.) G.Don,723GG,Lespedeza cuneata (Dum.Cours.) G.Don,4,SPECIES,ACCEPTED,Plantae,P,Tracheophyta,TP,Magnoliopsida,MG,Fabales,383,Fabaceae,623QT,Lespedeza,9CL6Z,Lespedeza cuneata,723GG,LC
YP6K,Corydalis flavula (Raf.) DC.,YP6K,Corydalis flavula (Raf.) DC.,3,SPECIES,ACCEPTED,Plantae,P,Tracheophyta,TP,Magnoliopsida,MG,Ranunculales,3XS,Papaveraceae,DX3,Corydalis,62LZP,Corydalis flavula,YP6K,
6BRM9,Cunila origanoides (L.) Britton,6BRM9,Cunila origanoides (L.) Britton,4,SPECIES,ACCEPTED,Plantae,P,Tracheophyta,TP,Magnoliopsida,MG,Lamiales,3F4,Lamiaceae,PR82T,Cunila,9JJFW,Cunila origanoides,6BRM9,
5ZXFY,Convolvulus arvensis L.,5ZXFY,Convolvulus arvensis L.,3,SPECIES,ACCEPTED,Plantae,P,Tracheophyta,TP,Magnoliopsida,MG,Solanales,43W,Convolvulaceae,8J9,Convolvulus,3TL7,Convolvulus arvensis,5ZXFY,
VFQQ,Circaea canadensis (L.) Hill,VFQQ,Circaea canadensis (L.) Hill,1,SPECIES,ACCEPTED,Plantae,P,Tracheophyta,TP,Magnoliopsida,MG,Myrtales,3LY,Onagraceae,DL8,Circaea,3Q3C,Circaea canadensis,VFQQ,
4W9WD,Sedum sarmentosum Bunge,4W9WD,Sedum sarmentosum Bunge,1,SPECIES,ACCEPTED,Plantae,P,Tracheophyta,TP,Magnoliopsida,MG,Saxifragales,424,Crassulaceae,8N6,Sedum,7F44,Sedum sarmentosum,4W9WD,
34B7C,Datura stramonium L.,34B7C,Datura stramonium L.,1,SPECIES,ACCEPTED,Plantae,P,Tracheophyta,TP,Magnoliopsida,MG,Solanales,43W,Solanaceae,626XM,Datura,426J,Datura stramonium,34B7C,
7FQFT,Verbascum thapsus L.,7FQFT,Verbascum thapsus L.,5,SPECIES,ACCEPTED,Plantae,P,Tracheophyta,TP,Magnoliopsida,MG,Lamiales,3F4,Scrophulariaceae,G5R,Verbascum,86BQ,Verbascum thapsus,7FQFT,
7RBX2,Aureolaria levigata (Raf.) Raf.,7RBX2,Aureolaria levigata (Raf.) Raf.,2,SPECIES,ACCEPTED,Plantae,P,Tracheophyta,TP,Magnoliopsida,MG,Lamiales,3F4,Orobanchaceae,DQG,Aureolaria,62DL5,Aureolaria levigata,7RBX2,
6B7N7,Cosmos bipinnatus Cav.,6B7N7,Cosmos bipinnatus Cav.,1,SPECIES,ACCEPTED,Plantae,P,Tracheophyta,TP,Magnoliopsida,MG,Asterales,ST,Asteraceae,622TP,Cosmos,62NRV,Cosmos bipinnatus,6B7N7,
63RJB,Ruellia Plum. ex L.,63RJB,Ruellia Plum. ex L.,2,GENUS,ACCEPTED,Plantae,P,Tracheophyta,TP,Magnoliopsida,MG,Lamiales,3F4,Acanthaceae,62332,Ruellia,63RJB,,,
NN2L,Buddleja davidii Franch.,NN2L,Buddleja davidii Franch.,1,SPECIES,ACCEPTED,Plantae,P,Tracheophyta,TP,Magnoliopsida,MG,Lamiales,3F4,Scrophulariaceae,G5R,Buddleja,62H6F,Buddleja davidii,NN2L,
GX3X,Artemisia vulgaris L.,GX3X,Artemisia vulgaris L.,1,SPECIES,ACCEPTED,Plantae,P,Tracheophyta,TP,Magnoliopsida,MG,Asterales,ST,Asteraceae,622TP,Artemisia,62CHR,Artemisia vulgaris,GX3X,
78XG,Rhizoclonium Kützing, 1843,78XG,Rhizoclonium Kützing, 1843,1,GENUS,ACCEPTED,Plantae,P,Chlorophyta,CGV7L,Ulvophyceae,K8,Cladophorales,YK,Cladophoraceae,624BP,Rhizoclonium,78XG,,,
7LCX,Spirogyra Link in C.G.D. Nees, 1820,7LCX,Spirogyra Link in C.G.D. Nees, 1820,1,GENUS,ACCEPTED,Plantae,P,Charophyta,KZS5S,Conjugatophyceae,622C9,Zygnematales,4C9,Zygnemataceae,J36,Spirogyra,7LCX,,,
6JK5R,Fragaria vesca L.,6JK5R,Fragaria vesca L.,2,SPECIES,ACCEPTED,Plantae,P,Tracheophyta,TP,Magnoliopsida,MG,Rosales,3Z6,Rosaceae,FTK,Fragaria,4KYG,Fragaria vesca,6JK5R,
6H23S,Erigeron philadelphicus L.,6H23S,Erigeron philadelphicus L.,4,SPECIES,ACCEPTED,Plantae,P,Tracheophyta,TP,Magnoliopsida,MG,Asterales,ST,Asteraceae,622TP,Erigeron,633LL,Erigeron philadelphicus,6H23S,
7DFPH,Ulmus rubra Muhl.,7DFPH,Ulmus rubra Muhl.,1,SPECIES,ACCEPTED,Plantae,P,Tracheophyta,TP,Magnoliopsida,MG,Rosales,3Z6,Ulmaceae,HNB,Ulmus,84MS,Ulmus rubra,7DFPH,LC
4DTTQ,Parthenocissus quinquefolia (L.) Planch.,4DTTQ,Parthenocissus quinquefolia (L.) Planch.,3,SPECIES,ACCEPTED,Plantae,P,Tracheophyta,TP,Magnoliopsida,MG,Vitales,6237J,Vitaceae,6273G,Parthenocissus,6J8R,Parthenocissus quinquefolia,4DTTQ,LC
C2SV,Alnus serrulata (Aiton) Willd.,C2SV,Alnus serrulata (Aiton) Willd.,1,SPECIES,ACCEPTED,Plantae,P,Tracheophyta,TP,Magnoliopsida,MG,Fagales,384,Betulaceae,LWT55,Alnus,8VTM3,Alnus serrulata,C2SV,LC
VJSBB,Andropogon virginicus L.,VJSBB,Andropogon virginicus L.,1,SPECIES,ACCEPTED,Plantae,P,Tracheophyta,TP,Liliopsida,L2L,Poales,627VM,Poaceae,627FW,Andropogon,8VTTT,Andropogon virginicus,VJSBB,LC
S4SV,Celtis occidentalis L.,S4SV,Celtis occidentalis L.,1,SPECIES,ACCEPTED,Plantae,P,Tracheophyta,TP,Magnoliopsida,MG,Rosales,3Z6,Cannabaceae,7NV,Celtis,3K3G,Celtis occidentalis,S4SV,LC
7F6XV,Vaccinium pallidum Aiton,7F6XV,Vaccinium pallidum Aiton,2,SPECIES,ACCEPTED,Plantae,P,Tracheophyta,TP,Magnoliopsida,MG,Ericales,625QY,Ericaceae,623P8,Vaccinium,85LF,Vaccinium pallidum,7F6XV,
7KS4J,Silene latifolia subsp. alba (Mill.) Greuter & Burdet,7KS4J,Silene latifolia subsp. alba (Mill.) Greuter & Burdet,1,SUBSPECIES,ACCEPTED,Plantae,P,Tracheophyta,TP,Magnoliopsida,MG,Caryophyllales,VW,Caryophyllaceae,7RZ,Silene,644QW,Silene latifolia,4XCGC,
5B32W,Verbesina alternifolia (L.) Britton ex Kearney,5B32W,Verbesina alternifolia (L.) Britton ex Kearney,1,SPECIES,ACCEPTED,Plantae,P,Tracheophyta,TP,Magnoliopsida,MG,Asterales,ST,Asteraceae,622TP,Verbesina,86BT,Verbesina alternifolia,5B32W,
4JLVJ,Plantago rugelii Decne.,4JLVJ,Plantago rugelii Decne.,3,SPECIES,ACCEPTED,Plantae,P,Tracheophyta,TP,Magnoliopsida,MG,Lamiales,3F4,Plantaginaceae,6262K,Plantago,6RHN,Plantago rugelii,4JLVJ,
4TDNJ,Rosa multiflora Thunb.,4TDNJ,Rosa multiflora Thunb.,7,SPECIES,ACCEPTED,Plantae,P,Tracheophyta,TP,Magnoliopsida,MG,Rosales,3Z6,Rosaceae,FTK,Rosa,63S6D,Rosa multiflora,4TDNJ,
677XH,Anomodon attenuatus (Hedw.) Huebener,9M8ZX,Pseudanomodon attenuatus (Hedw.) Ignatov & Fedosov,2,SPECIES,SYNONYM,Plantae,P,Bryophyta,BJ5TM,Bryopsida,CHTRW,Hypnales,9JFXS,Neckeraceae,9JGCF,Pseudanomodon,9KVM4,Pseudanomodon attenuatus,9M8ZX,
8VZ38,Lycopus L.,8VZ38,Lycopus L.,1,GENUS,ACCEPTED,Plantae,P,Tracheophyta,TP,Magnoliopsida,MG,Lamiales,3F4,Lamiaceae,PR82T,Lycopus,8VZ38,,,
6JKWX,Frangula nigra Samp.,5HDCH,Frangula alnus subsp. alnus,1,SPECIES,SYNONYM,Plantae,P,Tracheophyta,TP,Magnoliopsida,MG,Rosales,3Z6,Rhamnaceae,FN6,Frangula,4KZF,Frangula alnus,6JLFV,
56276,Thalictrum dioicum L.,56276,Thalictrum dioicum L.,2,SPECIES,ACCEPTED,Plantae,P,Tracheophyta,TP,Magnoliopsida,MG,Ranunculales,3XS,Ranunculaceae,FJR,Thalictrum,7V6B,Thalictrum dioicum,56276,
7JH2,Solidago L.,7JH2,Solidago L.,2,GENUS,ACCEPTED,Plantae,P,Tracheophyta,TP,Magnoliopsida,MG,Asterales,ST,Asteraceae,622TP,Solidago,7JH2,,,
RCKN,Carex vulpinoidea Michx.,RCKN,Carex vulpinoidea Michx.,2,SPECIES,ACCEPTED,Plantae,P,Tracheophyta,TP,Liliopsida,L2L,Poales,627VM,Cyperaceae,8W5,Carex,8VRHY,Carex vulpinoidea,RCKN,LC
6QN36,Lonicera japonica Thunb.,6QN36,Lonicera japonica Thunb.,3,SPECIES,ACCEPTED,Plantae,P,Tracheophyta,TP,Magnoliopsida,MG,Dipsacales,35C,Caprifoliaceae,KV2D5,Lonicera,5GFJ,Lonicera japonica,6QN36,
338TY,Cynanchum laeve (Michx.) Pers.,338TY,Cynanchum laeve (Michx.) Pers.,1,SPECIES,ACCEPTED,Plantae,P,Tracheophyta,TP,Magnoliopsida,MG,Gentianales,39D,Apocynaceae,6L2,Cynanchum,3YJD,Cynanchum laeve,338TY,
H6SB,Asclepias viridiflora Raf.,H6SB,Asclepias viridiflora Raf.,1,SPECIES,ACCEPTED,Plantae,P,Tracheophyta,TP,Magnoliopsida,MG,Gentianales,39D,Apocynaceae,6L2,Asclepias,33PC,Asclepias viridiflora,H6SB,
6XL6Y,Saponaria officinalis L.,6XL6Y,Saponaria officinalis L.,2,SPECIES,ACCEPTED,Plantae,P,Tracheophyta,TP,Magnoliopsida,MG,Caryophyllales,VW,Caryophyllaceae,7RZ,Saponaria,63RPN,Saponaria officinalis,6XL6Y,
9CTBZ,Melilotus officinalis (L.) Lam.,9CTBZ,Melilotus officinalis (L.) Lam.,1,SPECIES,ACCEPTED,Plantae,P,Tracheophyta,TP,Magnoliopsida,MG,Fabales,383,Fabaceae,623QT,Melilotus,9CLBB,Melilotus officinalis,9CTBZ,
36Q7T,Dipsacus fullonum L.,36Q7T,Dipsacus fullonum L.,1,SPECIES,ACCEPTED,Plantae,P,Tracheophyta,TP,Magnoliopsida,MG,Dipsacales,35C,Caprifoliaceae,KV2D5,Dipsacus,46H8,Dipsacus fullonum,36Q7T,
SSQS,Cercis canadensis L.,SSQS,Cercis canadensis L.,3,SPECIES,ACCEPTED,Plantae,P,Tracheophyta,TP,Magnoliopsida,MG,Fabales,383,Fabaceae,623QT,Cercis,9CKBR,Cercis canadensis,SSQS,LC
7NQ2N,Cypripedium parviflorum var. pubescens (Willd.) O.W.Knight,7NQ2N,Cypripedium parviflorum var. pubescens (Willd.) O.W.Knight,1,VARIETY,ACCEPTED,Plantae,P,Tracheophyta,TP,Liliopsida,L2L,Asparagales,SP,Orchidaceae,DPL,Cypripedium,8VWPC,Cypripedium parviflorum,33J7B,
4JLMM,Plantago lanceolata L.,4JLMM,Plantago lanceolata L.,1,SPECIES,ACCEPTED,Plantae,P,Tracheophyta,TP,Magnoliopsida,MG,Lamiales,3F4,Plantaginaceae,6262K,Plantago,6RHN,Plantago lanceolata,4JLMM,
9KSG5,Viola eriocarpa (Nutt.) Schwein.,9KSG5,Viola eriocarpa (Nutt.) Schwein.,2,SPECIES,ACCEPTED,Plantae,P,Tracheophyta,TP,Magnoliopsida,MG,Malpighiales,MLP,Violaceae,6272Z,Viola,86VM,Viola eriocarpa,9KSG5,
723WW,Leucanthemum vulgare Lam.,723WW,Leucanthemum vulgare Lam.,1,SPECIES,ACCEPTED,Plantae,P,Tracheophyta,TP,Magnoliopsida,MG,Asterales,ST,Asteraceae,622TP,Leucanthemum,5DR2,Leucanthemum vulgare,723WW,
53Q9Z,Symphyotrichum undulatum (L.) G.L.Nesom,53Q9Z,Symphyotrichum undulatum (L.) G.L.Nesom,1,SPECIES,ACCEPTED,Plantae,P,Tracheophyta,TP,Magnoliopsida,MG,Asterales,ST,Asteraceae,622TP,Symphyotrichum,7QW7,Symphyotrichum undulatum,53Q9Z,
5ZZCT,Corallorhiza wisteriana Conrad,5ZZCT,Corallorhiza wisteriana Conrad,1,SPECIES,ACCEPTED,Plantae,P,Tracheophyta,TP,Liliopsida,L2L,Asparagales,SP,Orchidaceae,DPL,Corallorhiza,8VWGQ,Corallorhiza wisteriana,5ZZCT,
XFFY,Commelina communis L.,XFFY,Commelina communis L.,2,SPECIES,ACCEPTED,Plantae,P,Tracheophyta,TP,Liliopsida,L2L,Commelinales,ZC,Commelinaceae,8GR,Commelina,8VWFQ,Commelina communis,XFFY,
5XQW8,Chelidonium majus L.,5XQW8,Chelidonium majus L.,2,SPECIES,ACCEPTED,Plantae,P,Tracheophyta,TP,Magnoliopsida,MG,Ranunculales,3XS,Papaveraceae,DX3,Chelidonium,3MMR,Chelidonium majus,5XQW8,
6PYC8,Lilium canadense L.,6PYC8,Lilium canadense L.,2,SPECIES,ACCEPTED,Plantae,P,Tracheophyta,TP,Liliopsida,L2L,Liliales,623DL,Liliaceae,6259D,Lilium,8VYWZ,Lilium canadense,6PYC8,
6VC83,Phlox paniculata L.,6VC83,Phlox paniculata L.,2,SPECIES,ACCEPTED,Plantae,P,Tracheophyta,TP,Magnoliopsida,MG,Ericales,625QY,Polemoniaceae,627H7,Phlox,6NSB,Phlox paniculata,6VC83,
B3FXV,Campsis radicans (L.) Bureau,B3FXV,Campsis radicans (L.) Bureau,1,SPECIES,ACCEPTED,Plantae,P,Tracheophyta,TP,Magnoliopsida,MG,Lamiales,3F4,Bignoniaceae,77P,Campsis,3GH5,Campsis radicans,B3FXV,
33C6P,Cyperus esculentus L.,33C6P,Cyperus esculentus L.,2,SPECIES,ACCEPTED,Plantae,P,Tracheophyta,TP,Liliopsida,L2L,Poales,627VM,Cyperaceae,8W5,Cyperus,8VWNX,Cyperus esculentus,33C6P,LC
59R86,Tussilago farfara L.,59R86,Tussilago farfara L.,1,SPECIES,ACCEPTED,Plantae,P,Tracheophyta,TP,Magnoliopsida,MG,Asterales,ST,Asteraceae,622TP,Tussilago,83XB,Tussilago farfara,59R86,
3S2DF,Lamium purpureum L.,3S2DF,Lamium purpureum L.,1,SPECIES,ACCEPTED,Plantae,P,Tracheophyta,TP,Magnoliopsida,MG,Lamiales,3F4,Lamiaceae,PR82T,Lamium,8VYPZ,Lamium purpureum,3S2DF,
H6QS,Asclepias syriaca L.,H6QS,Asclepias syriaca L.,3,SPECIES,ACCEPTED,Plantae,P,Tracheophyta,TP,Magnoliopsida,MG,Gentianales,39D,Apocynaceae,6L2,Asclepias,33PC,Asclepias syriaca,H6QS,LC
N32J,Brachythecium rivulare Schimp.,N32J,Brachythecium rivulare Schimp.,1,SPECIES,ACCEPTED,Plantae,P,Bryophyta,BJ5TM,Bryopsida,CHTRW,Hypnales,9JFXS,Brachytheciaceae,9JFZ6,Brachythecium,9JHSR,Brachythecium rivulare,N32J,
4428K,Monarda fistulosa L.,4428K,Monarda fistulosa L.,2,SPECIES,ACCEPTED,Plantae,P,Tracheophyta,TP,Magnoliopsida,MG,Lamiales,3F4,Lamiaceae,PR82T,Monarda,8VZG8,Monarda fistulosa,4428K,
58Q4Y,Trifolium repens L.,58Q4Y,Trifolium repens L.,1,SPECIES,ACCEPTED,Plantae,P,Tracheophyta,TP,Magnoliopsida,MG,Fabales,383,Fabaceae,623QT,Trifolium,9CM9W,Trifolium repens,58Q4Y,
XP6T,Conium maculatum L.,XP6T,Conium maculatum L.,1,SPECIES,ACCEPTED,Plantae,P,Tracheophyta,TP,Magnoliopsida,MG,Apiales,B7VXH,Apiaceae,6KC,Conium,3T9P,Conium maculatum,XP6T,
S7J3,Centaurea stoebe L.,S7J3,Centaurea stoebe L.,1,SPECIES,ACCEPTED,Plantae,P,Tracheophyta,TP,Magnoliopsida,MG,Asterales,ST,Asteraceae,622TP,Centaurea,3K5Z,Centaurea stoebe,S7J3,
6XHX7,Sambucus racemosa L.,6XHX7,Sambucus racemosa L.,1,SPECIES,ACCEPTED,Plantae,P,Tracheophyta,TP,Magnoliopsida,MG,Dipsacales,35C,Viburnaceae,HTT,Sambucus,7C39,Sambucus racemosa,6XHX7,LC
FKYG,Aphyllon uniflorum (L.) A.Gray,FKYG,Aphyllon uniflorum (L.) A.Gray,1,SPECIES,ACCEPTED,Plantae,P,Tracheophyta,TP,Magnoliopsida,MG,Lamiales,3F4,Orobanchaceae,DQG,Aphyllon,YJZ,Aphyllon uniflorum,FKYG,
5B777,Veronica persica Poir.,5B777,Veronica persica Poir.,1,SPECIES,ACCEPTED,Plantae,P,Tracheophyta,TP,Magnoliopsida,MG,Lamiales,3F4,Plantaginaceae,6262K,Veronica,63VMN,Veronica persica,5B777,
4N94F,Prunus persica (L.) Stokes,4N94F,Prunus persica (L.) Stokes,1,SPECIES,ACCEPTED,Plantae,P,Tracheophyta,TP,Magnoliopsida,MG,Rosales,3Z6,Rosaceae,FTK,Prunus,6Y6H,Prunus persica,4N94F,DD
43HQ3,Mimulus ringens L.,43HQ3,Mimulus ringens L.,1,SPECIES,ACCEPTED,Plantae,P,Tracheophyta,TP,Magnoliopsida,MG,Lamiales,3F4,Phrymaceae,625ZW,Mimulus,5T9B,Mimulus ringens,43HQ3,LC
5B2PQ,Verbena hastata L.,5B2PQ,Verbena hastata L.,1,SPECIES,ACCEPTED,Plantae,P,Tracheophyta,TP,Magnoliopsida,MG,Lamiales,3F4,Verbenaceae,TMFZP,Verbena,99FT5,Verbena hastata,5B2PQ,
6CFRZ,Daucus carota L.,6CFRZ,Daucus carota L.,2,SPECIES,ACCEPTED,Plantae,P,Tracheophyta,TP,Magnoliopsida,MG,Apiales,B7VXH,Apiaceae,6KC,Daucus,426Q,Daucus carota,6CFRZ,LC
94H3,Acer platanoides L.,94H3,Acer platanoides L.,2,SPECIES,ACCEPTED,Plantae,P,Tracheophyta,TP,Magnoliopsida,MG,Sapindales,3ZY,Sapindaceae,FY3,Acer,MLD,Acer platanoides,94H3,LC
RHT8,Carya tomentosa (Lam.) Nutt.,RHRN,Carya alba (L.) Nutt.,1,SPECIES,SYNONYM,Plantae,P,Tracheophyta,TP,Magnoliopsida,MG,Fagales,384,Juglandaceae,BJB,Carya,3HXZ,Carya alba,RHRN,
C6GCC,Brassicaceae Burnett,C6GCC,Brassicaceae Burnett,2,FAMILY,ACCEPTED,Plantae,P,Tracheophyta,TP,Magnoliopsida,MG,Capparales,V5D96,Brassicaceae,C6GCC,,,,,
BTMXX,Viola palmata var. triloba (Schwein.) Ging.,7G45M,Viola palmata L.,2,VARIETY,SYNONYM,Plantae,P,Tracheophyta,TP,Magnoliopsida,MG,Malpighiales,MLP,Violaceae,6272Z,Viola,86VM,Viola palmata,7G45M,
6QFZX,Lindera benzoin (L.) Meisn.,9KFLH,Lindera benzoin (L.) Blume,1,SPECIES,SYNONYM,Plantae,P,Tracheophyta,TP,Magnoliopsida,MG,Laurales,3F8,Lauraceae,BTB,Lindera,62Z2Q,Lindera benzoin,9KFLH,
R7ZZ,Carex amphibola Steud.,R7ZZ,Carex amphibola Steud.,1,SPECIES,ACCEPTED,Plantae,P,Tracheophyta,TP,Liliopsida,L2L,Poales,627VM,Cyperaceae,8W5,Carex,8VRHY,Carex amphibola,R7ZZ,
5MYZV,Cercis canadensis var. canadensis,SSQS,Cercis canadensis L.,1,VARIETY,SYNONYM,Plantae,P,Tracheophyta,TP,Magnoliopsida,MG,Fabales,383,Fabaceae,623QT,Cercis,9CKBR,Cercis canadensis,SSQS,
CYRH5,Ranunculus recurvatus var. recurvatus,4RHKL,Ranunculus recurvatus Poir.,1,VARIETY,SYNONYM,Plantae,P,Tracheophyta,TP,Magnoliopsida,MG,Ranunculales,3XS,Ranunculaceae,FJR,Ranunculus,774N,Ranunculus recurvatus,4RHKL,
4SGMP,Rhododendron prinophyllum (Small) Millais,4SGRJ,Rhododendron roseum (Loisel.) Rehder,2,SPECIES,SYNONYM,Plantae,P,Tracheophyta,TP,Magnoliopsida,MG,Ericales,625QY,Ericaceae,623P8,Rhododendron,63QC9,Rhododendron roseum,4SGRJ,
BBBWG,Sceptridium multifidum (S.G.Gmel.) M.Nishida ex Tagawa,BBBWG,Sceptridium multifidum (S.G.Gmel.) M.Nishida ex Tagawa,2,SPECIES,ACCEPTED,Plantae,P,Tracheophyta,TP,Polypodiopsida,GV,Ophioglossales,623DM,Ophioglossaceae,KT8B2,Sceptridium,643BW,Sceptridium multifidum,BBBWG,
6KC,Apiaceae Lindl.,6KC,Apiaceae Lindl.,2,FAMILY,ACCEPTED,Plantae,P,Tracheophyta,TP,Magnoliopsida,MG,Apiales,B7VXH,Apiaceae,6KC,,,,,
RG24,Carpinus caroliniana Walter,RG24,Carpinus caroliniana Walter,2,SPECIES,ACCEPTED,Plantae,P,Tracheophyta,TP,Magnoliopsida,MG,Fagales,384,Betulaceae,LWT55,Carpinus,8VVZD,Carpinus caroliniana,RG24,LC
6GQ7J,Erigeron strigosus Muhl. ex Willd.,6GQ7J,Erigeron strigosus Muhl. ex Willd.,2,SPECIES,ACCEPTED,Plantae,P,Tracheophyta,TP,Magnoliopsida,MG,Asterales,ST,Asteraceae,622TP,Erigeron,633LL,Erigeron strigosus,6GQ7J,
5BCLM,Vicia caroliniana Walter,5BCLM,Vicia caroliniana Walter,2,SPECIES,ACCEPTED,Plantae,P,Tracheophyta,TP,Magnoliopsida,MG,Fabales,383,Fabaceae,623QT,Vicia,9CMDW,Vicia caroliniana,5BCLM,
R9GL,Carex gracilescens Steud.,R9GL,Carex gracilescens Steud.,1,SPECIES,ACCEPTED,Plantae,P,Tracheophyta,TP,Liliopsida,L2L,Poales,627VM,Cyperaceae,8W5,Carex,8VRHY,Carex gracilescens,R9GL,
5BLHJ,Vitis aestivalis Michx.,5BLHJ,Vitis aestivalis Michx.,2,SPECIES,ACCEPTED,Plantae,P,Tracheophyta,TP,Magnoliopsida,MG,Vitales,6237J,Vitaceae,6273G,Vitis,872G,Vitis aestivalis,5BLHJ,
7NHJZ,Malus domestica (Suckow) Borkh.,7NHJZ,Malus domestica (Suckow) Borkh.,1,SPECIES,ACCEPTED,Plantae,P,Tracheophyta,TP,Magnoliopsida,MG,Rosales,3Z6,Rosaceae,FTK,Malus,5KQ9,Malus domestica,7NHJZ,DD
DYZ9,Angelica triquinata Michx.,DYZ9,Angelica triquinata Michx.,1,SPECIES,ACCEPTED,Plantae,P,Tracheophyta,TP,Magnoliopsida,MG,Apiales,B7VXH,Apiaceae,6KC,Angelica,7NDZL,Angelica triquinata,DYZ9,
4MV64,Prosartes lanuginosa (Michx.) D.Don,4MV64,Prosartes lanuginosa (Michx.) D.Don,1,SPECIES,ACCEPTED,Plantae,P,Tracheophyta,TP,Liliopsida,L2L,Liliales,623DL,Liliaceae,6259D,Prosartes,8W2Q3,Prosartes lanuginosa,4MV64,
5ZZDM,Corallorhiza odontorhiza (Willd.) Nutt.,5ZZDM,Corallorhiza odontorhiza (Willd.) Nutt.,1,SPECIES,ACCEPTED,Plantae,P,Tracheophyta,TP,Liliopsida,L2L,Asparagales,SP,Orchidaceae,DPL,Corallorhiza,8VWGQ,Corallorhiza odontorhiza,5ZZDM,
6QGBG,Linaria vulgaris Mill.,6QGBG,Linaria vulgaris Mill.,1,SPECIES,ACCEPTED,Plantae,P,Tracheophyta,TP,Magnoliopsida,MG,Lamiales,3F4,Plantaginaceae,6262K,Linaria,62YPR,Linaria vulgaris,6QGBG,
3D389,Eurybia divaricata (L.) G.L.Nesom,3D389,Eurybia divaricata (L.) G.L.Nesom,1,SPECIES,ACCEPTED,Plantae,P,Tracheophyta,TP,Magnoliopsida,MG,Asterales,ST,Asteraceae,622TP,Eurybia,4GPD,Eurybia divaricata,3D389,
4QKT4,Puschkinia scilloides Adams,4QKT4,Puschkinia scilloides Adams,1,SPECIES,ACCEPTED,Plantae,P,Tracheophyta,TP,Liliopsida,L2L,Asparagales,SP,Asparagaceae,6T3,Puschkinia,8W2XD,Puschkinia scilloides,4QKT4,
5B6FX,Veronica arvensis L.,5B6FX,Veronica arvensis L.,1,SPECIES,ACCEPTED,Plantae,P,Tracheophyta,TP,Magnoliopsida,MG,Lamiales,3F4,Plantaginaceae,6262K,Veronica,63VMN,Veronica arvensis,5B6FX,
4HFH4,Physalis longifolia Nutt.,4HFH4,Physalis longifolia Nutt.,1,SPECIES,ACCEPTED,Plantae,P,Tracheophyta,TP,Magnoliopsida,MG,Solanales,43W,Solanaceae,626XM,Physalis,6PW6,Physalis longifolia,4HFH4,
69QYP,Chelone glabra L.,69QYP,Chelone glabra L.,1,SPECIES,ACCEPTED,Plantae,P,Tracheophyta,TP,Magnoliopsida,MG,Lamiales,3F4,Plantaginaceae,6262K,Chelone,3MP8,Chelone glabra,69QYP,LC
3PWNH,Ipomoea pandurata (L.) G.Mey.,3PWNH,Ipomoea pandurata (L.) G.Mey.,1,SPECIES,ACCEPTED,Plantae,P,Tracheophyta,TP,Magnoliopsida,MG,Solanales,43W,Convolvulaceae,8J9,Ipomoea,62WB5,Ipomoea pandurata,3PWNH,
38XFD,Elaeagnus umbellata Thunb.,38XFD,Elaeagnus umbellata Thunb.,1,SPECIES,ACCEPTED,Plantae,P,Tracheophyta,TP,Magnoliopsida,MG,Rosales,3Z6,Elaeagnaceae,9LF,Elaeagnus,62QQB,Elaeagnus umbellata,38XFD,LC
7FSGR,Vicia sativa L.,7FSGR,Vicia sativa L.,1,SPECIES,ACCEPTED,Plantae,P,Tracheophyta,TP,Magnoliopsida,MG,Fabales,383,Fabaceae,623QT,Vicia,9CMDW,Vicia sativa,7FSGR,LC
9JK4L,Ephemerum Hampe,9JK4L,Ephemerum Hampe,1,GENUS,ACCEPTED,Plantae,P,Bryophyta,BJ5TM,Bryopsida,CHTRW,Pottiales,9JFY7,Pottiaceae,9JGDZ,Ephemerum,9JK4L,,,
